{"type":"FeatureCollection","features":[{"type":"Feature","properties":{"nta2020":"BK0101","ntaname":"Greenpoint","boroname":"Brooklyn","ntatype":"0"},"geometry":{"type":"MultiPolygon","coordinates":[[[[-73.9321339742769,40.72815960343333],[-73.9484163847295,40.71845553312268],[-73.949078166846,40.722540287202506],[-73.95064594201138,40.72170569378428],[-73.95164632164285,40.7234858574838],[-73.95477662815335,40.722459504667775],[-73.95842611843923,40.72540053583232],[-73.96161518769874,40.725865563073995],[-73.96101688070596,40.7287044401017],[-73.96228520236957,40.734047695374265],[-73.95763409606995,40.73853811826415],[-73.95292355724182,40.738934942395375],[-73.94652352854825,40.73692685345575],[-73.94706532915387,40.734401992819414],[-73.94557048457176,40.73661230441316],[-73.94518507181276,40.73547915318058],[-73.94451542117442,40.736284390390374],[-73.94239443542429,40.7354257499477],[-73.93810334960666,40.729728519521515],[-73.93234598849773,40.728182394387446],[-73.9321339742769,40.72815960343333]]]]}},{"type":"Feature","properties":{"nta2020":"BK0102","ntaname":"Williamsburg","boroname":"Brooklyn","ntatype":"0"},"geometry":{"type":"MultiPolygon","coordinates":[[[[-73.95814292411644,40.72440428473757],[-73.9547766281533,40.7224595046678],[-73.95164632164274,40.723485857483844],[-73.95064594201132,40.72170569378428],[-73.94907816684606,40.722540287202506],[-73.9484163847295,40.71845553312268],[-73.947213417447,40.7185609861182],[-73.95348472098757,40.71407020807855],[-73.94937231784627,40.714066878309616],[-73.94865533445751,40.709724983182085],[-73.95087492513105,40.70951311519786],[-73.95023693669857,40.705473246654364],[-73.95790430738548,40.70842717347024],[-73.95845576706577,40.707251847445455],[-73.96327873711,40.70772929902124],[-73.96838331338861,40.70682937339333],[-73.96984864757465,40.70800304219027],[-73.96990773027578,40.71126812183884],[-73.96527360864145,40.72012467103432],[-73.96275665356569,40.722399015796206],[-73.96211461478755,40.72514806339883],[-73.95833078138818,40.72441170076601],[-73.95814292411644,40.72440428473757]]]]}},{"type":"Feature","properties":{"nta2020":"BK0103","ntaname":"South Williamsburg","boroname":"Brooklyn","ntatype":"0"},"geometry":{"type":"MultiPolygon","coordinates":[[[[-73.95023693669857,40.70547324665432],[-73.94193078816194,40.70072523469566],[-73.96283963628261,40.69803866900987],[-73.9621797802308,40.70022071110671],[-73.96720961954568,40.704255709153244],[-73.96838331338871,40.7068293733933],[-73.96327873711004,40.70772929902124],[-73.95845576706587,40.707251847445455],[-73.9579043073856,40.70842717347024],[-73.95095606116443,40.705842936405965],[-73.95023693669857,40.70547324665432]]]]}},{"type":"Feature","properties":{"nta2020":"BK0104","ntaname":"East Williamsburg","boroname":"Brooklyn","ntatype":"0"},"geometry":{"type":"MultiPolygon","coordinates":[[[[-73.92405909659959,40.714111559895876],[-73.92074853049763,40.71053364895845],[-73.92608930026964,40.705679701162005],[-73.94193078816188,40.70072523469566],[-73.95023693669857,40.705473246654364],[-73.95087492513105,40.70951311519786],[-73.94865533445751,40.709724983182085],[-73.94937231784627,40.714066878309616],[-73.95348472098757,40.71407020807855],[-73.93213397427694,40.728159603433376],[-73.92849418540158,40.72661460330805],[-73.92561470516611,40.72006166221263],[-73.92452083048187,40.719553566512054],[-73.9248641350911,40.718440445413684],[-73.92887965180016,40.717720318623755],[-73.92947356855397,40.71572145262093],[-73.93220607307306,40.71496398092954],[-73.93124067059496,40.71372481088489],[-73.9326390524247,40.713052586169546],[-73.93203262980515,40.71159022307447],[-73.93328349320338,40.71097870645294],[-73.9319010185475,40.71133847193062],[-73.93036094565895,40.70871773753027],[-73.93154613746852,40.711855351751296],[-73.93077894737053,40.712160427955716],[-73.9318424949342,40.71262723799079],[-73.93042294313013,40.71317255917382],[-73.93085190134036,40.71490298559298],[-73.92843881814578,40.71553094957593],[-73.9282325304494,40.71710645375098],[-73.92464513863976,40.71795310891762],[-73.92363989261999,40.71732065799618],[-73.92305500014393,40.71634266429097],[-73.92488553507532,40.71526718815534],[-73.92433589757124,40.71412259346656],[-73.92405909659959,40.714111559895876]]]]}},{"type":"Feature","properties":{"nta2020":"BK0201","ntaname":"Brooklyn Heights","boroname":"Brooklyn","ntatype":"0"},"geometry":{"type":"MultiPolygon","coordinates":[[[[-73.9923636691119,40.68969012377707],[-74.00174362045013,40.69240674970571],[-73.99504592660271,40.70313183979975],[-73.99083516107234,40.700569762264045],[-73.99097186833538,40.69254880139072],[-73.98893356245586,40.69208664198901],[-73.99070669492916,40.6891367446134],[-73.9923636691119,40.68969012377707]]]]}},{"type":"Feature","properties":{"nta2020":"BK0202","ntaname":"Downtown Brooklyn-DUMBO-Boerum Hill","boroname":"Brooklyn","ntatype":"0"},"geometry":{"type":"MultiPolygon","coordinates":[[[[-73.9790576694624,40.70595288910068],[-73.9800263872738,40.70214046144282],[-73.98090402745397,40.7018614298299],[-73.9801380950676,40.69471005572496],[-73.97916718338998,40.69348832322127],[-73.98251091265745,40.693606611302954],[-73.98139773143163,40.689928670434526],[-73.98350982042075,40.689922171752016],[-73.98083375198135,40.68886378450793],[-73.97807729552628,40.684914940390115],[-73.97961680019212,40.68249127021333],[-73.98828293641336,40.685866785622224],[-73.98912840596947,40.68458945307349],[-73.99392929483827,40.68645287164917],[-73.9923636691119,40.68969012377707],[-73.99047488040556,40.68914107450508],[-73.98893356245586,40.69208664198901],[-73.99097186833538,40.69254880139072],[-73.99087453692033,40.70067311729603],[-73.99504592660271,40.70313183979975],[-73.99477614265385,40.70424586155513],[-73.97905049838056,40.705966963591685],[-73.9790576694624,40.70595288910068]]]]}},{"type":"Feature","properties":{"nta2020":"BK0203","ntaname":"Fort Greene","boroname":"Brooklyn","ntatype":"0"},"geometry":{"type":"MultiPolygon","coordinates":[[[[-73.96283963628261,40.69803866900987],[-73.96455070444493,40.69610759162735],[-73.96939449979428,40.69608038942046],[-73.96910362399453,40.68946752251075],[-73.97013154130974,40.68950630795875],[-73.96868961225599,40.682005257597126],[-73.97745722009145,40.68405228761326],[-73.98083375198148,40.68886378450787],[-73.98350982042075,40.68992217175198],[-73.98139773143168,40.689928670434526],[-73.9825109126574,40.693606611302954],[-73.97916718339002,40.69348832322123],[-73.98054419051788,40.69824651292223],[-73.96394908403057,40.697860108074714],[-73.96283963628261,40.69803866900987]]]]}},{"type":"Feature","properties":{"nta2020":"BK0204","ntaname":"Clinton Hill","boroname":"Brooklyn","ntatype":"0"},"geometry":{"type":"MultiPolygon","coordinates":[[[[-73.96134655797736,40.68046352480339],[-73.96868961225599,40.682005257597126],[-73.97013154130974,40.68950630795875],[-73.96910362399453,40.68946752251075],[-73.96939449979428,40.69608038942046],[-73.96466107116093,40.69607466705323],[-73.96283963628261,40.69803866900987],[-73.96105100567938,40.69832607881881],[-73.95884061865866,40.68301805351871],[-73.96167086323331,40.68269090998009],[-73.96126625360922,40.680523057737524],[-73.96134655797736,40.68046352480339]]]]}},{"type":"Feature","properties":{"nta2020":"BK0261","ntaname":"Brooklyn Navy Yard","boroname":"Brooklyn","ntatype":"6"},"geometry":{"type":"MultiPolygon","coordinates":[[[[-73.97892920137532,40.705931589879434],[-73.97893110285526,40.70592490623053],[-73.97906084845776,40.70594602944353],[-73.97905766946236,40.705952889100644],[-73.97892920137532,40.705931589879434]]],[[[-73.97232032073738,40.709082884309396],[-73.97026218532285,40.70688750428424],[-73.970180755728,40.70492927056703],[-73.96751516691091,40.70343735687828],[-73.96929693837689,40.70508833173243],[-73.96929296282453,40.707093331095564],[-73.96838331338871,40.7068293733933],[-73.96720961954568,40.704255709153244],[-73.9621797802308,40.70022071110671],[-73.96283963628261,40.69803866900987],[-73.98054419051788,40.69824651292223],[-73.98090402745397,40.701861429829854],[-73.98002638727391,40.70214046144282],[-73.97885303360711,40.70606553528473],[-73.9771356262538,40.70300558190529],[-73.97596096344837,40.704715506440714],[-73.97692749188334,40.70279782090314],[-73.97615937292022,40.70217128035703],[-73.97532987393983,40.70295192433845],[-73.97600587845464,40.70194613327937],[-73.97455023388389,40.701590343299806],[-73.97571751799785,40.69957091269129],[-73.97411513992559,40.70130527041449],[-73.97239201397458,40.70016632275242],[-73.97318676670898,40.701669803673866],[-73.97078200587988,40.69997866301143],[-73.97283512788735,40.70272874074414],[-73.96948655152046,40.70051906125815],[-73.97283889974953,40.70334642860205],[-73.96898517428941,40.7017470892893],[-73.9746556960804,40.70607426299439],[-73.97254880057818,40.70620449000396],[-73.97423616968535,40.70802438612255],[-73.9710965548913,40.7058500560558],[-73.97275756998377,40.708831278547805],[-73.97232032073738,40.709082884309396]]]]}},{"type":"Feature","properties":{"nta2020":"BK0301","ntaname":"Bedford-Stuyvesant (West)","boroname":"Brooklyn","ntatype":"0"},"geometry":{"type":"MultiPolygon","coordinates":[[[[-73.9441413620078,40.67823696030941],[-73.96134655797736,40.68046352480339],[-73.96167086323331,40.68269090998009],[-73.95884061865866,40.68301805351871],[-73.96105100567938,40.69832607881881],[-73.94438788508441,40.70042452378234],[-73.94032793895992,40.67988997556707],[-73.94397347672896,40.68008812943171],[-73.94404799038382,40.67933610971454],[-73.9441413620078,40.67823696030941]]]]}},{"type":"Feature","properties":{"nta2020":"BK0302","ntaname":"Bedford-Stuyvesant (East)","boroname":"Brooklyn","ntatype":"0"},"geometry":{"type":"MultiPolygon","coordinates":[[[[-73.92778194160518,40.692761178435696],[-73.91804606826437,40.68721324777017],[-73.91630119729398,40.678577112935855],[-73.92164748043935,40.67887054703222],[-73.92181538965576,40.67701839046155],[-73.9441413620078,40.67823696030941],[-73.94397347672896,40.68008812943171],[-73.94032793895992,40.67988997556707],[-73.94438788508441,40.70042452378234],[-73.94193078816194,40.70072523469566],[-73.92804159538606,40.69290561002574],[-73.92778194160518,40.692761178435696]]]]}},{"type":"Feature","properties":{"nta2020":"BK0401","ntaname":"Bushwick (West)","boroname":"Brooklyn","ntatype":"0"},"geometry":{"type":"MultiPolygon","coordinates":[[[[-73.9114224252523,40.70148658851843],[-73.91406086466664,40.69883820001634],[-73.91631608226973,40.700121391130935],[-73.91932072796105,40.697060396871564],[-73.92082397317164,40.6979176581042],[-73.92424880835952,40.69442861137507],[-73.92649981448757,40.69571178865618],[-73.92778194160518,40.692761178435696],[-73.94193078816194,40.70072523469566],[-73.9260893002697,40.70567970116197],[-73.92189184632589,40.70939609721312],[-73.91180709937288,40.703434952528376],[-73.91290404033842,40.70236189179874],[-73.9121616973797,40.70192316460529],[-73.9114224252523,40.70148658851843]]]]}},{"type":"Feature","properties":{"nta2020":"BK0402","ntaname":"Bushwick (East)","boroname":"Brooklyn","ntatype":"0"},"geometry":{"type":"MultiPolygon","coordinates":[[[[-73.90139840574003,40.69158999203721],[-73.90533913742759,40.68681723521513],[-73.90449401088728,40.68629860045694],[-73.90575547976701,40.684004419031346],[-73.90280970917435,40.682340579055165],[-73.90262262280305,40.68066450392094],[-73.90404639720869,40.67922059801862],[-73.92778194160518,40.692761178435696],[-73.92649981448757,40.69571178865618],[-73.92424880835952,40.69442861137507],[-73.92082397317164,40.6979176581042],[-73.91932072796105,40.697060396871564],[-73.91631608226973,40.700121391130935],[-73.91406086466664,40.69883820001634],[-73.9114224252523,40.70148658851843],[-73.91067882671317,40.701045969566344],[-73.9118068203699,40.69994688252277],[-73.90426018345657,40.695700371442825],[-73.90579597009139,40.69412715601634],[-73.90143958541593,40.691612106267456],[-73.90139840574003,40.69158999203721]]]]}},{"type":"Feature","properties":{"nta2020":"BK0471","ntaname":"The Evergreens Cemetery","boroname":"Brooklyn","ntatype":"7"},"geometry":{"type":"MultiPolygon","coordinates":[[[[-73.89652644148374,40.682403299240974],[-73.89749312007854,40.68007377672698],[-73.90024537639425,40.67942279151362],[-73.90575547976701,40.684004419031346],[-73.90449401088728,40.68629860045694],[-73.9050223799407,40.68752404789796],[-73.90188776166707,40.691077721077846],[-73.90042464980966,40.688183899378444],[-73.90116154928245,40.68787793602472],[-73.89897687200383,40.685297697579855],[-73.89652644148374,40.682403299240974]]]]}},{"type":"Feature","properties":{"nta2020":"BK0501","ntaname":"Cypress Hills","boroname":"Brooklyn","ntatype":"0"},"geometry":{"type":"MultiPolygon","coordinates":[[[[-73.86630263765373,40.683186695104695],[-73.871561503842,40.68168445695972],[-73.8711997492848,40.680221463667266],[-73.87327560272674,40.67992075299661],[-73.87358733252688,40.68109418017899],[-73.88106271751917,40.678982687435216],[-73.88050565394393,40.67676734737556],[-73.88825585383285,40.675624736452725],[-73.8890056966442,40.67855704427393],[-73.89621773578595,40.67735818427185],[-73.89653676411663,40.67859358116425],[-73.900046261425,40.676893089537934],[-73.90404639720869,40.67922059801862],[-73.90262262280305,40.68066450392094],[-73.90024537639425,40.67942279151362],[-73.89749312007854,40.68007377672698],[-73.89417463179072,40.685283248672555],[-73.89258303036219,40.683491911389325],[-73.89015418672706,40.685003990977364],[-73.88819092525301,40.682555946963035],[-73.86805885132004,40.691183958237765],[-73.86631496854926,40.68324894282233],[-73.86630263765373,40.683186695104695]]]]}},{"type":"Feature","properties":{"nta2020":"BK0502","ntaname":"East New York (North)","boroname":"Brooklyn","ntatype":"0"},"geometry":{"type":"MultiPolygon","coordinates":[[[[-73.87423134562981,40.67086239758419],[-73.87887144433036,40.67019411414166],[-73.87848947320573,40.668654540638286],[-73.90085135540433,40.665345895025176],[-73.90347422276412,40.675506683779915],[-73.89653676411663,40.67859358116425],[-73.89621773578595,40.67735818427185],[-73.8890056966442,40.67855704427393],[-73.88825585383285,40.675624736452725],[-73.88050565394393,40.67676734737556],[-73.88106271751917,40.678982687435216],[-73.87657495157076,40.68016700182831],[-73.87428791490143,40.67108191659017],[-73.87423134562981,40.67086239758419]]]]}},{"type":"Feature","properties":{"nta2020":"BK0503","ntaname":"East New York-New Lots","boroname":"Brooklyn","ntatype":"0"},"geometry":{"type":"MultiPolygon","coordinates":[[[[-73.86718069446954,40.66045225204078],[-73.89000589058524,40.6511486976326],[-73.89354677007856,40.655202714083224],[-73.89761013176373,40.6534538161202],[-73.89586154781907,40.65188052733212],[-73.90398200421093,40.6466285675762],[-73.9094484629128,40.65152159979489],[-73.90740035662826,40.652843990142486],[-73.90784346309921,40.654591531248215],[-73.90317858259424,40.6553116338363],[-73.89878859226317,40.65741288789167],[-73.89965233213725,40.66073541688037],[-73.9006611860288,40.6605861585068],[-73.9014511454986,40.66365836465708],[-73.90042827299183,40.66380799826674],[-73.90085135540433,40.665345895025176],[-73.87848947320573,40.668654540638286],[-73.87887144433036,40.67019411414166],[-73.87423134562981,40.67086239758419],[-73.86816354256194,40.661726877183135],[-73.86718069446954,40.66045225204078]]]]}},{"type":"Feature","properties":{"nta2020":"BK0504","ntaname":"Spring Creek-Starrett City","boroname":"Brooklyn","ntatype":"0"},"geometry":{"type":"MultiPolygon","coordinates":[[[[-73.88828531356056,40.64672241327627],[-73.88851637568511,40.64736069152218],[-73.88826623150278,40.64673349902675],[-73.88828531356056,40.64672241327627]]],[[[-73.86054077728362,40.65462399727893],[-73.87342508856524,40.64678123051601],[-73.87963865502219,40.65449909230707],[-73.87386033921213,40.64631440559564],[-73.87835076408712,40.6388716137437],[-73.88048386856643,40.64097803454701],[-73.88006714132516,40.64200344612432],[-73.8834199920301,40.64452381564969],[-73.88557762083002,40.644040949789364],[-73.88743444708336,40.645936682276556],[-73.8876407216664,40.64780239050999],[-73.89125147174484,40.65002559738419],[-73.86847176782014,40.66029493770969],[-73.86718069446948,40.66045225204078],[-73.86386133191459,40.65606021526491],[-73.86057836070289,40.65467533014711],[-73.86054077728362,40.65462399727893]]]]}},{"type":"Feature","properties":{"nta2020":"BK0505","ntaname":"East New York-City Line","boroname":"Brooklyn","ntatype":"0"},"geometry":{"type":"MultiPolygon","coordinates":[[[[-73.86334943460909,40.67935164139093],[-73.86234580380983,40.6791647861452],[-73.86038519788714,40.67125171098911],[-73.85763323108368,40.6716561940382],[-73.85568461155025,40.663867492874914],[-73.85842950725181,40.66345336143299],[-73.85761537119573,40.66011893315323],[-73.86317083274403,40.65827651294824],[-73.86305132211177,40.65610609804453],[-73.86086853692812,40.65507780674099],[-73.86404207114019,40.65623784993393],[-73.87387810524088,40.66944726712268],[-73.87657495157083,40.68016700182831],[-73.87744804573771,40.679930999958835],[-73.87358733252688,40.68109418017904],[-73.87327560272679,40.67992075299661],[-73.87119974928474,40.680221463667266],[-73.87156150384195,40.68168445695976],[-73.86630263765373,40.683186695104695],[-73.86601993132695,40.6819195870272],[-73.86410096591099,40.68237285029176],[-73.86378674403497,40.68111374702373],[-73.86334943460909,40.67935164139093]]]]}},{"type":"Feature","properties":{"nta2020":"BK0571","ntaname":"Highland Park-Cypress Hills Cemeteries (South)","boroname":"Brooklyn","ntatype":"7"},"geometry":{"type":"MultiPolygon","coordinates":[[[[-73.86840518883152,40.69473118624327],[-73.86805885132004,40.691183958237765],[-73.88819092525301,40.682555946963035],[-73.88962787424639,40.68423645475421],[-73.88452250891285,40.686684749765206],[-73.87950641088634,40.691146770014655],[-73.87402053240578,40.69419129572023],[-73.8689176262462,40.695146562016056],[-73.86840518883152,40.69473118624327]]]]}},{"type":"Feature","properties":{"nta2020":"BK0601","ntaname":"Carroll Gardens-Cobble Hill-Gowanus-Red Hook","boroname":"Brooklyn","ntatype":"0"},"geometry":{"type":"MultiPolygon","coordinates":[[[[-73.9923636691119,40.68969012377707],[-73.99392929483827,40.68645287164917],[-73.98912840596947,40.68458945307349],[-73.98828293641336,40.685866785622224],[-73.97961680019212,40.68249127021333],[-73.99277080526319,40.665507281433285],[-73.9959787857856,40.66799800665267],[-73.99855090521774,40.671925941858525],[-74.00030337808879,40.66871689249724],[-74.00221506816538,40.66857863744141],[-74.00289483876944,40.66734846594961],[-74.0058636618068,40.66799376258587],[-74.00696398993624,40.66605139979079],[-74.00475388692325,40.670721358945194],[-74.00543926529352,40.670921468238674],[-74.00754821618384,40.66705174573376],[-74.00708724287807,40.66859135803337],[-74.00985411855622,40.66852362833563],[-74.01154017543327,40.66508591975687],[-74.01744446050978,40.665267995849405],[-74.01933946871777,40.671624948422796],[-74.0175103708668,40.67103453048172],[-74.01648665554497,40.664930508953994],[-74.012279678728,40.66573241466164],[-74.01033845947936,40.6690781954482],[-74.01162527521356,40.67058102827607],[-74.01424926931885,40.669728605239904],[-74.01175350509682,40.67065775657339],[-74.01427407257732,40.67137929918199],[-74.01519980570059,40.67075402716193],[-74.01423289386774,40.67213000051333],[-74.01568625497515,40.671038834929035],[-74.01297587792189,40.673327918721135],[-74.01511918663974,40.67215699647189],[-74.01632099856305,40.6729082700666],[-74.01496392184586,40.674677630796985],[-74.01880094776905,40.672250764346316],[-74.01727138470127,40.673608645805764],[-74.01783447572701,40.67525822351707],[-74.01888511760623,40.67508776523673],[-74.01791968777773,40.676514765389854],[-74.01995197798658,40.67710301045033],[-74.01843040661592,40.67790832085988],[-74.01966200306923,40.67838563845651],[-74.01827026139368,40.67855421845979],[-74.01954011560478,40.67896820628963],[-74.01928128058009,40.67964814059567],[-74.0128200026682,40.683622416497656],[-74.01213481688782,40.68290592752274],[-74.01410549647974,40.6817125193757],[-74.01301835422089,40.68041237351195],[-74.00967108558879,40.6832687277152],[-74.01077312339376,40.68435861554113],[-74.01193259845039,40.68388774915527],[-74.00798183999649,40.68627582209612],[-74.00588224095202,40.68619576889382],[-74.00297565282497,40.69042657592095],[-74.00096156810918,40.690128768350306],[-74.00161727401692,40.692549071104274],[-73.99436092742167,40.69023948058712],[-73.9923636691119,40.68969012377707]]]]}},{"type":"Feature","properties":{"nta2020":"BK0602","ntaname":"Park Slope","boroname":"Brooklyn","ntatype":"0"},"geometry":{"type":"MultiPolygon","coordinates":[[[[-73.9737608483554,40.683049408639775],[-73.97618051198288,40.67806432146616],[-73.96949738784443,40.67590638046702],[-73.96877181598978,40.67332834261815],[-73.97040734461665,40.67264721993092],[-73.97965353410314,40.661243234233666],[-73.99173365144995,40.66673659594479],[-73.97807729552638,40.684914940390115],[-73.97483835293002,40.68328774237794],[-73.9737608483554,40.683049408639775]]]]}},{"type":"Feature","properties":{"nta2020":"BK0701","ntaname":"Windsor Terrace-South Slope","boroname":"Brooklyn","ntatype":"0"},"geometry":{"type":"MultiPolygon","coordinates":[[[[-73.98017161015706,40.66115465898049],[-73.97436701226454,40.658187904684944],[-73.97139631534189,40.64825778611389],[-73.98029115411198,40.647297162101445],[-73.98179568630415,40.655246097660815],[-73.98843135164148,40.659251212160505],[-73.98725068844568,40.66037895632435],[-73.98831729043945,40.662786248718135],[-73.99277080526329,40.66550728143325],[-73.99173365144995,40.66673659594479],[-73.98223034125154,40.66214149329629],[-73.98017161015706,40.66115465898049]]]]}},{"type":"Feature","properties":{"nta2020":"BK0702","ntaname":"Sunset Park (West)","boroname":"Brooklyn","ntatype":"0"},"geometry":{"type":"MultiPolygon","coordinates":[[[[-73.99277080526329,40.66550728143325],[-73.98831729043945,40.662786248718135],[-73.98725068844568,40.66037895632435],[-73.99018841435026,40.65760081883135],[-73.9951689013215,40.65966952271436],[-74.0161671138716,40.63948244207226],[-74.01843070248944,40.640837328059646],[-74.02108731109375,40.63826358797882],[-74.02185196301879,40.63981609883456],[-74.02111456649827,40.64151357922029],[-74.02475437516867,40.638121418092],[-74.02695244579795,40.63944606504528],[-74.02623698497376,40.64012649118057],[-74.03254173795621,40.64382548384952],[-74.03051830863373,40.64527442420405],[-74.02820569545007,40.64401598289046],[-74.0260494840032,40.64626135032635],[-74.02938990486598,40.64880405461148],[-74.02571758804812,40.64661549229113],[-74.02435496936721,40.64739927815365],[-74.02553864578064,40.649782159850815],[-74.02484436363463,40.650599638559754],[-74.02605133196799,40.6509943007433],[-74.0242402134753,40.65113351631357],[-74.02541604028593,40.65193380685525],[-74.02285141795983,40.65116919516191],[-74.02536890150519,40.652721436927436],[-74.0212465237341,40.650834972564496],[-74.02380703903108,40.65304472800908],[-74.02195900090581,40.652222781468346],[-74.0211867002789,40.65283983689552],[-74.02320464661133,40.654096116315586],[-74.02162946295482,40.653645164713645],[-74.02164486415359,40.65487898237747],[-74.01811897810481,40.653885271105544],[-74.02005182454282,40.65533594837208],[-74.01787407223816,40.65406150233102],[-74.01715319581027,40.65477510436229],[-74.01980081651999,40.65648721058484],[-74.01665047959762,40.65533879657235],[-74.01910843803122,40.657368884303644],[-74.01543632269649,40.656632396759846],[-74.01768549175469,40.6584529927614],[-74.01504738221857,40.656950386693595],[-74.01442130484553,40.65760802195157],[-74.01745803087904,40.6594501973869],[-74.01554165388995,40.66075835497372],[-74.01183861990557,40.65891283727497],[-74.0111075041031,40.659706274580806],[-74.01402247678024,40.661529747440255],[-74.01265358811494,40.66198165403776],[-74.0085995696829,40.65952092309843],[-74.00745858163896,40.66055847621009],[-74.01037201297213,40.66239887922756],[-74.00955074142036,40.66326769413055],[-74.00428358250127,40.661444894604045],[-74.00622698247925,40.662787827861145],[-74.0034880110065,40.66224055612868],[-74.00599748682693,40.66325861082871],[-74.00712532646746,40.66491521897707],[-74.00362862442566,40.662734847032176],[-74.00486193792659,40.665064821938365],[-74.00083401108444,40.66300644168673],[-73.99953152609916,40.66439748543451],[-74.00292463516385,40.666462311660986],[-73.9990260099839,40.66844297212715],[-73.99855090521784,40.67192594185849],[-73.99597878578565,40.66799800665263],[-73.99282672174803,40.66554146783966],[-73.99277080526329,40.66550728143325]]]]}},{"type":"Feature","properties":{"nta2020":"BK0703","ntaname":"Sunset Park (Central)","boroname":"Brooklyn","ntatype":"0"},"geometry":{"type":"MultiPolygon","coordinates":[[[[-73.99604565308658,40.64834065543173],[-74.00955708305906,40.63549296413139],[-74.00556490260222,40.63308317691705],[-74.00702302420386,40.6321099954766],[-74.01074220024502,40.634356548825785],[-74.01190823714875,40.633234404781916],[-74.02108731109375,40.63826358797882],[-74.01843070248944,40.640837328059646],[-74.0161671138716,40.63948244207226],[-74.00216555904997,40.65294931445429],[-73.99779466021471,40.65028888997859],[-73.99814938809924,40.64964304952009],[-73.99604565308658,40.64834065543173]]]]}},{"type":"Feature","properties":{"nta2020":"BK0771","ntaname":"Green-Wood Cemetery","boroname":"Brooklyn","ntatype":"7"},"geometry":{"type":"MultiPolygon","coordinates":[[[[-73.98843135164148,40.659251212160505],[-73.98179568630415,40.655246097660815],[-73.98029115411198,40.647297162101445],[-73.98905872393608,40.64411924103938],[-74.00216555904997,40.65294931445429],[-73.9951689013215,40.65966952271436],[-73.99018841435026,40.65760081883135],[-73.98901286492811,40.65869079660626],[-73.98843135164148,40.659251212160505]]]]}},{"type":"Feature","properties":{"nta2020":"BK0801","ntaname":"Prospect Heights","boroname":"Brooklyn","ntatype":"0"},"geometry":{"type":"MultiPolygon","coordinates":[[[[-73.9607097442805,40.673121394534206],[-73.96133695405295,40.671356771472105],[-73.9689420635121,40.67288749244305],[-73.96949738784443,40.67590638046702],[-73.97618051198288,40.67806432146616],[-73.9737608483554,40.683049408639775],[-73.96134655797736,40.68046352480339],[-73.96318238724278,40.67552950499114],[-73.96007345824275,40.674864284656856],[-73.96039301736879,40.673998602434594],[-73.9607097442805,40.673121394534206]]]]}},{"type":"Feature","properties":{"nta2020":"BK0802","ntaname":"Crown Heights (North)","boroname":"Brooklyn","ntatype":"0"},"geometry":{"type":"MultiPolygon","coordinates":[[[[-73.9441413620078,40.67823696030941],[-73.92181538965576,40.67701839046155],[-73.92275257154432,40.66709733296182],[-73.92424467142557,40.666445000386],[-73.92552759707489,40.66849968981699],[-73.95526963588756,40.670124904854006],[-73.96133695405295,40.671356771472105],[-73.96007345824275,40.674864284656856],[-73.96318238724278,40.67552950499114],[-73.96134655797736,40.68046352480339],[-73.946911452178,40.67839241286601],[-73.9441413620078,40.67823696030941]]]]}},{"type":"Feature","properties":{"nta2020":"BK0891","ntaname":"Lincoln Terrace Park","boroname":"Brooklyn","ntatype":"9"},"geometry":{"type":"MultiPolygon","coordinates":[[[[-73.92424467142557,40.666445000386],[-73.92872204440549,40.664495570187086],[-73.92834967077835,40.668647195192946],[-73.92552759707489,40.66849968981699],[-73.92468755645531,40.667467611952894],[-73.92424467142557,40.666445000386]]]]}},{"type":"Feature","properties":{"nta2020":"BK0901","ntaname":"Crown Heights (South)","boroname":"Brooklyn","ntatype":"0"},"geometry":{"type":"MultiPolygon","coordinates":[[[[-73.96133695405295,40.671356771472105],[-73.95526963588756,40.670124904854006],[-73.92834967077835,40.668647195192946],[-73.92872204440549,40.664495570187086],[-73.94282892158841,40.66284748566903],[-73.94269628894011,40.66405513024062],[-73.94546293588459,40.664226104639035],[-73.95720935303154,40.66351739727999],[-73.95807953290287,40.66425950621738],[-73.96095595387625,40.663285054834205],[-73.96257122996718,40.6716222448872],[-73.96133695405295,40.671356771472105]]]]}},{"type":"Feature","properties":{"nta2020":"BK0902","ntaname":"Prospect Lefferts Gardens-Wingate","boroname":"Brooklyn","ntatype":"0"},"geometry":{"type":"MultiPolygon","coordinates":[[[[-73.93160743269029,40.66355672329819],[-73.93132569626003,40.66059330752637],[-73.93423037418957,40.66041523394781],[-73.93399584733432,40.65811864639278],[-73.93108323032916,40.65829591603608],[-73.93090354800286,40.656610355983545],[-73.95006664861296,40.65542299720048],[-73.95015965960431,40.656260231585044],[-73.9618808635178,40.65488119255471],[-73.9630730979727,40.66226198489458],[-73.96033682784264,40.664108698850846],[-73.94269628894011,40.66405513024062],[-73.94282892158841,40.66284748566903],[-73.93237940020131,40.66349779031479],[-73.93160743269029,40.66355672329819]]]]}},{"type":"Feature","properties":{"nta2020":"BK1001","ntaname":"Bay Ridge","boroname":"Brooklyn","ntatype":"0"},"geometry":{"type":"MultiPolygon","coordinates":[[[[-74.03229711356427,40.64358131402034],[-74.02623698497376,40.64012649118057],[-74.02695244579795,40.63944606504528],[-74.02475437516867,40.638121418092],[-74.02111456649827,40.64151357922029],[-74.02128108466134,40.63849010863557],[-74.01514630614152,40.63322193848755],[-74.019704914692,40.622184965511],[-74.0228759867753,40.61946614790912],[-74.02121548198697,40.61847198527955],[-74.02477732180097,40.60969599853231],[-74.02710660402954,40.61024395699479],[-74.02637608903271,40.61245060340258],[-74.02754297128648,40.61293718370709],[-74.02628975618764,40.61632930025018],[-74.03144638476843,40.611119815177794],[-74.03603977712005,40.60929563967238],[-74.0401309258418,40.614791910665474],[-74.0415957882995,40.6204638413612],[-74.04106467060313,40.630191782656595],[-74.03680662048852,40.638984221545684],[-74.03876297920756,40.63958825898071],[-74.0367248437491,40.63914119070946],[-74.03571276150703,40.640640153544076],[-74.0367030786914,40.64168561987419],[-74.03407329294261,40.644313932964096],[-74.03264128960326,40.643787313444456],[-74.03229711356427,40.64358131402034]]]]}},{"type":"Feature","properties":{"nta2020":"BK1002","ntaname":"Dyker Heights","boroname":"Brooklyn","ntatype":"0"},"geometry":{"type":"MultiPolygon","coordinates":[[[[-74.00702302420386,40.6321099954766],[-73.99724066973769,40.6252886870282],[-73.99771358863637,40.62368026991616],[-73.99932090153024,40.62465524684672],[-74.01171201489785,40.612735029187775],[-74.0228759867753,40.61946614790912],[-74.019704914692,40.622184965511],[-74.01542409736939,40.63251313909762],[-74.0162903593378,40.635911128329674],[-74.01190823714875,40.633234404781916],[-74.01074220024502,40.634356548825785],[-74.00853703978099,40.633028161384125],[-74.00702302420386,40.6321099954766]]]]}},{"type":"Feature","properties":{"nta2020":"BK1061","ntaname":"Fort Hamilton","boroname":"Brooklyn","ntatype":"6"},"geometry":{"type":"MultiPolygon","coordinates":[[[[-74.02477732180097,40.60969599853231],[-74.02150602802955,40.60782209933585],[-74.02247769359556,40.606674216150616],[-74.02078540907338,40.605673686182655],[-74.02143864639129,40.60441599708509],[-74.01871382157269,40.60358207641025],[-74.0194276082381,40.60287157834826],[-74.03005146547684,40.604759173812155],[-74.03603977712005,40.60929563967238],[-74.03144638476843,40.611119815177794],[-74.02628975618764,40.61632930025018],[-74.02754297128648,40.61293718370709],[-74.02637608903271,40.61245060340258],[-74.02710660402954,40.61024395699479],[-74.02497932389292,40.609741975691236],[-74.02477732180097,40.60969599853231]]]]}},{"type":"Feature","properties":{"nta2020":"BK1091","ntaname":"Dyker Beach Park","boroname":"Brooklyn","ntatype":"9"},"geometry":{"type":"MultiPolygon","coordinates":[[[[-74.01171201489785,40.612735029187775],[-74.01701910022848,40.607654416971506],[-74.01549854921711,40.6068415242772],[-74.01871382157269,40.60358207641025],[-74.02143864639129,40.60441599708509],[-74.02078540907338,40.605673686182655],[-74.02247769359556,40.606674216150616],[-74.02150602802955,40.60782209933585],[-74.02477732180097,40.60969599853231],[-74.02121548198697,40.61847198527955],[-74.01390656352305,40.614052362519985],[-74.01171201489785,40.612735029187775]]]]}},{"type":"Feature","properties":{"nta2020":"BK1101","ntaname":"Bensonhurst","boroname":"Brooklyn","ntatype":"0"},"geometry":{"type":"MultiPolygon","coordinates":[[[[-73.9900935596334,40.622788953343154],[-73.97477657908547,40.61263847593206],[-73.97403097703385,40.608702310158854],[-73.9884226748809,40.607119149009975],[-73.98913191394317,40.606456137709884],[-73.98684762582319,40.60509723713306],[-73.98869008641088,40.6034253071562],[-73.99087326612246,40.604769296996096],[-73.99559320696717,40.600232221722436],[-74.00493448838223,40.60507440640142],[-74.00094408358503,40.60863971017342],[-74.01050403499481,40.613896611995344],[-73.99932090153024,40.62465524684672],[-73.99771358863637,40.62368026991616],[-73.99678847465344,40.6268260514129],[-73.9925497355062,40.62427426877935],[-73.9900935596334,40.622788953343154]]]]}},{"type":"Feature","properties":{"nta2020":"BK1102","ntaname":"Bath Beach","boroname":"Brooklyn","ntatype":"0"},"geometry":{"type":"MultiPolygon","coordinates":[[[[-73.99559320696717,40.600232221722436],[-74.00203772956765,40.59405960603485],[-74.0104123888951,40.60047518171269],[-74.0194276082381,40.60287157834826],[-74.01549854921711,40.6068415242772],[-74.01701910022848,40.607654416971506],[-74.01050403499481,40.613896611995344],[-74.00094408358503,40.60863971017342],[-74.00493448838223,40.60507440640142],[-73.99636516401061,40.60069605412985],[-73.99559320696717,40.600232221722436]]]]}},{"type":"Feature","properties":{"nta2020":"BK1103","ntaname":"Gravesend (West)","boroname":"Brooklyn","ntatype":"0"},"geometry":{"type":"MultiPolygon","coordinates":[[[[-73.98071013128073,40.59399722863562],[-73.98463965370047,40.59355217604266],[-73.98601936736364,40.59444604996432],[-73.98962150032993,40.59098199324504],[-73.99036425045065,40.59143193167647],[-73.99793382368436,40.58839928315473],[-73.99946446811074,40.58923326938093],[-73.99718982750889,40.591606180520756],[-74.00023075220183,40.591478489805],[-73.99838831083615,40.59353139160652],[-74.00109596784156,40.59251870950174],[-74.00203772956759,40.5940596060349],[-73.99087326612246,40.60476929699614],[-73.98869008641084,40.6034253071562],[-73.98684762582319,40.60509723713306],[-73.98913191394301,40.606456137709884],[-73.9884226748809,40.60711914901003],[-73.97299433938902,40.608814141802476],[-73.97217742734887,40.60419471204003],[-73.97291116841214,40.59931580420337],[-73.97191080411129,40.59942305913219],[-73.97148350722848,40.59717158495783],[-73.98035785385918,40.596191542248995],[-73.97995443385788,40.594073812106664],[-73.98071013128073,40.59399722863562]]]]}},{"type":"Feature","properties":{"nta2020":"BK1201","ntaname":"Sunset Park (East)-Borough Park (West)","boroname":"Brooklyn","ntatype":"0"},"geometry":{"type":"MultiPolygon","coordinates":[[[[-73.98905872393608,40.64411924103938],[-74.00556490260222,40.63308317691705],[-74.00955708305906,40.63549296413139],[-73.99604565308658,40.64834065543173],[-73.99180823482297,40.645783969782336],[-73.98905872393608,40.64411924103938]]]]}},{"type":"Feature","properties":{"nta2020":"BK1202","ntaname":"Borough Park","boroname":"Brooklyn","ntatype":"0"},"geometry":{"type":"MultiPolygon","coordinates":[[[[-73.97604935525445,40.63127590564668],[-73.97716511840744,40.63074665412923],[-73.97657775557224,40.62757318681888],[-73.97752403989979,40.6279776190262],[-73.98214413282112,40.623532670666755],[-73.98440060244378,40.624892622266216],[-73.98610080540948,40.62318311253611],[-73.98830220167261,40.62451369556651],[-73.9900935596334,40.622788953343154],[-73.99678847465344,40.6268260514129],[-73.99724066973769,40.6252886870282],[-74.00702302420386,40.6321099954766],[-73.98834986671028,40.64456224388744],[-73.98299419175463,40.64132499684919],[-73.98042057821881,40.64238522690591],[-73.97911188583784,40.63544038744444],[-73.97688861080518,40.63567486202829],[-73.97643342113861,40.633289122590725],[-73.97604935525445,40.63127590564668]]]]}},{"type":"Feature","properties":{"nta2020":"BK1203","ntaname":"Kensington","boroname":"Brooklyn","ntatype":"0"},"geometry":{"type":"MultiPolygon","coordinates":[[[[-73.97604935525445,40.63127590564668],[-73.97688861080518,40.63567486202829],[-73.97911188583784,40.63544038744444],[-73.98042057821881,40.64238522690591],[-73.98299419175463,40.64132499684919],[-73.98834986671028,40.64456224388744],[-73.98180533791209,40.647127799764945],[-73.97139631534189,40.64825778611389],[-73.9680386833386,40.63665098543611],[-73.9702903616295,40.6364063414182],[-73.96986869273601,40.634194674598184],[-73.97517146151615,40.631688581768174],[-73.97604935525445,40.63127590564668]]]]}},{"type":"Feature","properties":{"nta2020":"BK1204","ntaname":"Mapleton-Midwood (West)","boroname":"Brooklyn","ntatype":"0"},"geometry":{"type":"MultiPolygon","coordinates":[[[[-73.96285973961456,40.6125494864672],[-73.96478112677045,40.612330922164034],[-73.96429649832035,40.60977642617522],[-73.97403097703385,40.608702310158854],[-73.97477657908547,40.61263847593206],[-73.9900935596334,40.622788953343154],[-73.98830220167261,40.62451369556651],[-73.98610080540948,40.62318311253611],[-73.98440060244378,40.624892622266216],[-73.98214413282112,40.623532670666755],[-73.97752403989979,40.6279776190262],[-73.97623453528841,40.6259763507301],[-73.97092126180826,40.62656998550547],[-73.97136622003106,40.628929162715664],[-73.96608191227934,40.62954270682606],[-73.96336093957308,40.61520442833614],[-73.96285973961456,40.6125494864672]]]]}},{"type":"Feature","properties":{"nta2020":"BK1301","ntaname":"Gravesend (South)","boroname":"Brooklyn","ntatype":"0"},"geometry":{"type":"MultiPolygon","coordinates":[[[[-73.98071013128079,40.59399722863562],[-73.97557081872898,40.58994799105394],[-73.96067984068368,40.59159758262637],[-73.96025825770639,40.58502930784135],[-73.97742525247784,40.5829065931716],[-73.98492730970302,40.584595952702315],[-73.98710120231547,40.584644592265256],[-73.98654456976342,40.583658591316556],[-73.98829948228992,40.583466747328394],[-73.9925914163945,40.58810632139262],[-73.99808523688117,40.58536472208426],[-73.99970597099512,40.585689819858736],[-73.99417305638377,40.588382857820946],[-73.99795639739288,40.58726950636582],[-73.99487677695369,40.58877174667533],[-73.99534737661217,40.58933138044016],[-74.0004327749314,40.586544594921754],[-73.99375761766575,40.59033184450585],[-73.99330854901022,40.589583898580585],[-73.99036425045065,40.59143193167647],[-73.98962150032993,40.59098199324504],[-73.98601936736364,40.59444604996432],[-73.98463965370047,40.59355217604263],[-73.98110896715768,40.59394677628454],[-73.98071013128079,40.59399722863562]]]]}},{"type":"Feature","properties":{"nta2020":"BK1302","ntaname":"Coney Island-Sea Gate","boroname":"Brooklyn","ntatype":"0"},"geometry":{"type":"MultiPolygon","coordinates":[[[[-73.9666153153741,40.584570846455364],[-73.96888995790064,40.57526123899409],[-73.95941778134677,40.57517798414406],[-73.95939182170525,40.5739121092497],[-73.97085363074368,40.57277051528003],[-73.97118306355702,40.57194189908436],[-73.97249673747056,40.57257625725017],[-73.97324990115153,40.57162668560661],[-73.97373209971208,40.57228692459157],[-73.97767087523813,40.5711710200793],[-73.97845486511183,40.571892204296624],[-73.98367270153251,40.57140705768757],[-73.98336057973366,40.56952999448685],[-73.98375790448641,40.57139622725116],[-73.99079264701024,40.57024864875565],[-74.00077859539269,40.57049099822144],[-74.00208547639728,40.56958598398511],[-74.0024870773771,40.571738388872625],[-74.01115668729264,40.57416676185904],[-74.01302380064281,40.577804369508755],[-74.011479285405,40.58007840687926],[-74.00745366008165,40.581803522848084],[-73.99818261219644,40.58172536423953],[-73.99771779429551,40.580706776808746],[-73.98842833769417,40.57881584261966],[-73.98588567394853,40.581144424565004],[-73.98803566212689,40.579633780413616],[-73.98995504921753,40.58066167003421],[-73.98829948228986,40.583466747328394],[-73.98654456976337,40.583658591316556],[-73.98710120231532,40.584644592265256],[-73.97742525247779,40.5829065931716],[-73.96670868797712,40.584568969743884],[-73.9666153153741,40.584570846455364]]]]}},{"type":"Feature","properties":{"nta2020":"BK1303","ntaname":"Brighton Beach","boroname":"Brooklyn","ntatype":"0"},"geometry":{"type":"MultiPolygon","coordinates":[[[[-73.95239782999693,40.57424704924262],[-73.95898718972613,40.57343065472694],[-73.95941778134677,40.57517798414406],[-73.96888995790064,40.57526123899409],[-73.9666153153741,40.584570846455364],[-73.96025825770633,40.58502930784141],[-73.95910958808311,40.582856675715334],[-73.95414287795555,40.583106140608365],[-73.95242628408887,40.57455910846539],[-73.95239782999693,40.57424704924262]]]]}},{"type":"Feature","properties":{"nta2020":"BK1391","ntaname":"Calvert Vaux Park","boroname":"Brooklyn","ntatype":"9"},"geometry":{"type":"MultiPolygon","coordinates":[[[[-73.98995504921753,40.58066167003421],[-73.99185535656628,40.58162397854631],[-73.9902624471437,40.584619148205505],[-73.99605528820514,40.58212890385432],[-74.00017922859408,40.58307394974263],[-74.00043685358045,40.58404896998928],[-73.99259141639446,40.58810632139262],[-73.98833113748384,40.583661758791045],[-73.98971762388271,40.58083822724265],[-73.98995504921753,40.58066167003421]]]]}},{"type":"Feature","properties":{"nta2020":"BK1401","ntaname":"Flatbush","boroname":"Brooklyn","ntatype":"0"},"geometry":{"type":"MultiPolygon","coordinates":[[[[-73.95630034968731,40.65504828183075],[-73.95582518307756,40.65052980807852],[-73.95870789822969,40.65038727378277],[-73.958106721314,40.64651800986065],[-73.95565196108853,40.64663041064682],[-73.95360004631412,40.63842234744985],[-73.94826499590872,40.63860719020929],[-73.94777330328344,40.63399815669721],[-73.94586773527199,40.634117548159686],[-73.94561754645717,40.631777430312106],[-73.94647961630966,40.63170816218013],[-73.94415535167828,40.62950828571032],[-73.95684697280595,40.62811987905421],[-73.95937694894427,40.64147155573624],[-73.96318588182669,40.63967181829386],[-73.96408758267715,40.64440641776777],[-73.96501177470171,40.64430215155451],[-73.96490357050966,40.648720969165105],[-73.96218573831077,40.649788797885414],[-73.96302038094923,40.65153206574601],[-73.96465438564746,40.65088772845854],[-73.96621321893234,40.65318940555172],[-73.9598610304711,40.65563478943926],[-73.95969665731047,40.65483921522851],[-73.95630034968731,40.65504828183075]]]]}},{"type":"Feature","properties":{"nta2020":"BK1402","ntaname":"Flatbush (West)-Ditmas Park-Parkville","boroname":"Brooklyn","ntatype":"0"},"geometry":{"type":"MultiPolygon","coordinates":[[[[-73.95684697280595,40.62811987905421],[-73.95995564989907,40.62777867254032],[-73.96040734276028,40.63016253158138],[-73.96232599298625,40.62996871673755],[-73.97136622003106,40.628929162715664],[-73.97092126180826,40.62656998550547],[-73.97623453528841,40.6259763507301],[-73.97716511840744,40.63074665412923],[-73.96986869273601,40.634194674598184],[-73.9702903616295,40.6364063414182],[-73.9680386833386,40.63665098543611],[-73.97139631534189,40.64825778611389],[-73.96302038094923,40.65153206574601],[-73.96218573831077,40.649788797885414],[-73.96490357050966,40.648720969165105],[-73.96501177470171,40.64430215155451],[-73.96408758267715,40.64440641776777],[-73.96318588182669,40.63967181829386],[-73.95937694894427,40.64147155573624],[-73.95710267754018,40.629475938173734],[-73.95684697280595,40.62811987905421]]]]}},{"type":"Feature","properties":{"nta2020":"BK1403","ntaname":"Midwood","boroname":"Brooklyn","ntatype":"0"},"geometry":{"type":"MultiPolygon","coordinates":[[[[-73.95684697280595,40.62811987905421],[-73.94732672160579,40.62916656720963],[-73.94451833238585,40.619713647094606],[-73.94651373127832,40.61949401965242],[-73.94573691912028,40.615363406756806],[-73.95026514816935,40.61392435280245],[-73.94978380296796,40.61137175047718],[-73.96238548294355,40.609985993352424],[-73.96608191227934,40.62954270682606],[-73.96040734276028,40.63016253158138],[-73.95995564989907,40.62777867254032],[-73.9580529301469,40.62797111863169],[-73.95684697280595,40.62811987905421]]]]}},{"type":"Feature","properties":{"nta2020":"BK1501","ntaname":"Gravesend (East)-Homecrest","boroname":"Brooklyn","ntatype":"0"},"geometry":{"type":"MultiPolygon","coordinates":[[[[-73.95859278363871,40.61040303093475],[-73.95683001567204,40.601087349580084],[-73.95775745922596,40.60098588910529],[-73.95619424469258,40.58776182693213],[-73.96034953431355,40.58730628657616],[-73.96067984068368,40.59159758262637],[-73.97557081872898,40.58994799105394],[-73.98071013128079,40.59399722863562],[-73.97995443385788,40.594073812106664],[-73.98035785385929,40.596191542248995],[-73.97148350722854,40.59717158495783],[-73.9719108041114,40.59942305913219],[-73.97291116841225,40.59931580420337],[-73.97217742734902,40.604194712039984],[-73.97299433938896,40.60881414180244],[-73.96429649832035,40.60977642617522],[-73.96478112677045,40.612330922164034],[-73.96285973961456,40.6125494864672],[-73.96238548294355,40.609985993352424],[-73.95952069501818,40.61030205384191],[-73.95859278363871,40.61040303093475]]]]}},{"type":"Feature","properties":{"nta2020":"BK1502","ntaname":"Madison","boroname":"Brooklyn","ntatype":"0"},"geometry":{"type":"MultiPolygon","coordinates":[[[[-73.93753749374042,40.6085573902577],[-73.93972613778841,40.60713291512225],[-73.93426266637961,40.60223071136663],[-73.93503274500065,40.60173379140355],[-73.93447158747561,40.60123151189664],[-73.94288953907643,40.6003186501982],[-73.94248473186849,40.59820036611433],[-73.95692719559784,40.59661207631091],[-73.95859278363871,40.61040303093475],[-73.94978380296796,40.61137175047718],[-73.95026514816935,40.61392435280245],[-73.94742608692873,40.61422460055345],[-73.94482770908357,40.61604620910915],[-73.94354697934085,40.60934655569804],[-73.94231175793385,40.60826819732566],[-73.93934703315237,40.61018714136856],[-73.93753749374042,40.6085573902577]]]]}},{"type":"Feature","properties":{"nta2020":"BK1503","ntaname":"Sheepshead Bay-Manhattan Beach-Gerritsen Beach","boroname":"Brooklyn","ntatype":"0"},"geometry":{"type":"MultiPolygon","coordinates":[[[[-73.92759936544374,40.595060779847884],[-73.91805568585306,40.586436545676506],[-73.92520361514241,40.58580627115565],[-73.92802185276412,40.58806875635107],[-73.9239529485009,40.591139850525295],[-73.92921964005194,40.588813345444166],[-73.93065213846425,40.59029097949247],[-73.92996116581315,40.59400571131949],[-73.93260420556844,40.59492954452514],[-73.93100989343107,40.591931042983724],[-73.93121294858955,40.589531308119504],[-73.92972846380138,40.58861391633256],[-73.93038545256262,40.588441616079045],[-73.9297223258076,40.58756008340617],[-73.93125191267131,40.58684982521449],[-73.92857393936512,40.587061501869044],[-73.92815700695559,40.585864523568844],[-73.92751621995603,40.58639826671562],[-73.92552860874511,40.58497837707544],[-73.93139947444456,40.58607989549062],[-73.93009616234006,40.58450207623227],[-73.93204244838584,40.58423396007718],[-73.9319281118675,40.58286976893548],[-73.94157408083602,40.583607555437005],[-73.95349322048675,40.58298819826116],[-73.95330135995637,40.58200275013628],[-73.94969672499387,40.58231940106685],[-73.94274062592515,40.58099558955944],[-73.9325800656803,40.58126474120362],[-73.9315025674399,40.575660505629614],[-73.94427911430863,40.575800511386255],[-73.9523978292277,40.57424704974485],[-73.95414287795555,40.583106140608365],[-73.96010509454604,40.58340835766191],[-73.96034953431355,40.5873062865762],[-73.95619424469248,40.58776182693213],[-73.95692719559784,40.59661207631091],[-73.94248473186853,40.59820036611436],[-73.94288953907648,40.600318650198226],[-73.9344715874755,40.601231511896685],[-73.93503274500071,40.60173379140359],[-73.93355117087616,40.60268728132731],[-73.92813139604965,40.59777792864857],[-73.929568582433,40.59682026542218],[-73.92866850955109,40.59602045165708],[-73.92759936544374,40.595060779847884]]]]}},{"type":"Feature","properties":{"nta2020":"BK1601","ntaname":"Ocean Hill","boroname":"Brooklyn","ntatype":"0"},"geometry":{"type":"MultiPolygon","coordinates":[[[[-73.90404639720869,40.67922059801862],[-73.900046261425,40.676893089537934],[-73.92275257154432,40.66709733296182],[-73.92164748043935,40.67887054703222],[-73.91630119729398,40.678577112935855],[-73.91804606826437,40.68721324777017],[-73.9045689124445,40.67951553702099],[-73.90404639720869,40.67922059801862]]]]}},{"type":"Feature","properties":{"nta2020":"BK1602","ntaname":"Brownsville","boroname":"Brooklyn","ntatype":"0"},"geometry":{"type":"MultiPolygon","coordinates":[[[[-73.90085135540433,40.665345895025176],[-73.90042827299183,40.66380799826674],[-73.9014511454986,40.66365836465708],[-73.9006611860288,40.6605861585068],[-73.89965233213725,40.66073541688037],[-73.89878859226317,40.65741288789167],[-73.90317858259424,40.6553116338363],[-73.90784346309921,40.654591531248215],[-73.90740035662826,40.652843990142486],[-73.90855790456779,40.65209593779417],[-73.91012255610413,40.655851772056174],[-73.91236458830515,40.65551356575163],[-73.9181849297238,40.660726208914795],[-73.91909681470982,40.664230484459814],[-73.92165571527732,40.6638435756695],[-73.92439099296747,40.666381423277436],[-73.90347422276412,40.675506683779915],[-73.90126570244686,40.6668806506663],[-73.90085135540433,40.665345895025176]]]]}},{"type":"Feature","properties":{"nta2020":"BK1701","ntaname":"East Flatbush-Erasmus","boroname":"Brooklyn","ntatype":"0"},"geometry":{"type":"MultiPolygon","coordinates":[[[[-73.9424014784059,40.655884811594845],[-73.94189204296681,40.65116934638694],[-73.94282541722835,40.65110998396282],[-73.94416921788462,40.64542918722383],[-73.94607216692587,40.64531181207457],[-73.94586879159807,40.643423744606935],[-73.94778994529514,40.64330573644883],[-73.94744296706789,40.640047665746565],[-73.94841343299743,40.63998746458364],[-73.94826499590872,40.63860719020929],[-73.95360004631412,40.63842234744985],[-73.95565196108853,40.64663041064682],[-73.958106721314,40.64651800986065],[-73.95870789822969,40.65038727378277],[-73.95582518307756,40.65052980807852],[-73.95638851524795,40.65587456589966],[-73.94335488811187,40.655828336389256],[-73.9424014784059,40.655884811594845]]]]}},{"type":"Feature","properties":{"nta2020":"BK1702","ntaname":"East Flatbush-Farragut","boroname":"Brooklyn","ntatype":"0"},"geometry":{"type":"MultiPolygon","coordinates":[[[[-73.93738309030023,40.64490488763237],[-73.93728427160634,40.643957722024766],[-73.92572164835737,40.644673383912746],[-73.92652490760382,40.63649272379852],[-73.92744822162443,40.63525840955707],[-73.93726700030824,40.634650626176104],[-73.93701746157781,40.63231097913595],[-73.94561754645717,40.631777430312106],[-73.94586773527199,40.634117548159686],[-73.94777330328344,40.63399815669721],[-73.94778994529514,40.64330573644883],[-73.94586879159807,40.643423744606935],[-73.94607216692587,40.64531181207457],[-73.94416921788462,40.64542918722383],[-73.94434377333857,40.64707820118376],[-73.9427996095848,40.64654261731527],[-73.94260824580195,40.64466186238323],[-73.93836050495663,40.644857030622006],[-73.93738309030023,40.64490488763237]]]]}},{"type":"Feature","properties":{"nta2020":"BK1703","ntaname":"East Flatbush-Rugby","boroname":"Brooklyn","ntatype":"0"},"geometry":{"type":"MultiPolygon","coordinates":[[[[-73.91995062900948,40.64470763123676],[-73.91973736982146,40.64277814834529],[-73.92329824381295,40.63992322166816],[-73.92356525815107,40.64249929828592],[-73.92550278304837,40.642375154952795],[-73.92572164835737,40.644673383912746],[-73.93728427160634,40.643957722024766],[-73.93738309030023,40.64490488763237],[-73.93261418205336,40.6452454785955],[-73.93299946929406,40.64878627550205],[-73.94263113072203,40.649339757731575],[-73.94282541722835,40.65110998396282],[-73.94189204296681,40.65116934638694],[-73.9424014784059,40.655884811594845],[-73.93090354800286,40.656610355983545],[-73.93108323032916,40.65829591603608],[-73.93399584733432,40.65811864639278],[-73.93423037418957,40.66041523394781],[-73.93132569626003,40.66059330752637],[-73.93160743269029,40.66355672329819],[-73.93068465339032,40.663620477274634],[-73.92089764601207,40.65362510688705],[-73.91997852093557,40.6450323763439],[-73.91995062900948,40.64470763123676]]]]}},{"type":"Feature","properties":{"nta2020":"BK1704","ntaname":"East Flatbush-Remsen Village","boroname":"Brooklyn","ntatype":"0"},"geometry":{"type":"MultiPolygon","coordinates":[[[[-73.90855790456779,40.65209593779417],[-73.91995062900948,40.64470763123676],[-73.92089764601207,40.65362510688705],[-73.93068465339032,40.663620477274634],[-73.92439099296747,40.666381423277436],[-73.92165571527732,40.6638435756695],[-73.91909681470982,40.664230484459814],[-73.9181849297238,40.660726208914795],[-73.91236458830515,40.65551356575163],[-73.91012255610413,40.655851772056174],[-73.90933499313002,40.652808592144346],[-73.90855790456779,40.65209593779417]]]]}},{"type":"Feature","properties":{"nta2020":"BK1771","ntaname":"Holy Cross Cemetery","boroname":"Brooklyn","ntatype":"7"},"geometry":{"type":"MultiPolygon","coordinates":[[[[-73.93738309030023,40.64490488763237],[-73.94260824580195,40.64466186238323],[-73.9431224483661,40.649309184427615],[-73.93299946929406,40.64878627550205],[-73.93261418205336,40.6452454785955],[-73.93645634037227,40.64494611815547],[-73.93738309030023,40.64490488763237]]]]}},{"type":"Feature","properties":{"nta2020":"BK1801","ntaname":"Flatlands","boroname":"Brooklyn","ntatype":"0"},"geometry":{"type":"MultiPolygon","coordinates":[[[[-73.91860224674113,40.63206832825298],[-73.91690302605198,40.61627422991029],[-73.92052694019563,40.6139426950058],[-73.92062400176053,40.61483868167421],[-73.92640044535042,40.6144785355311],[-73.92629769848605,40.61319215567536],[-73.93173179059826,40.61792692139374],[-73.93320457514422,40.61697044275365],[-73.93686699540746,40.62025328173514],[-73.94078914021121,40.6176967898908],[-73.94346961949489,40.617385002372195],[-73.94573691912028,40.615363406756806],[-73.94651373127832,40.61949401965242],[-73.94451833238585,40.619713647094606],[-73.94732672160579,40.62916656720963],[-73.94415535167828,40.62950828571032],[-73.94647961630966,40.63170816218013],[-73.93701746157781,40.63231097913595],[-73.93726700030824,40.634650626176104],[-73.92744822162443,40.63525840955707],[-73.92538232946819,40.642384532666334],[-73.92356525815107,40.64249929828592],[-73.92329824381295,40.63992322166816],[-73.91973736982146,40.64277814834529],[-73.91862982362396,40.6323468725361],[-73.91860224674113,40.63206832825298]]]]}},{"type":"Feature","properties":{"nta2020":"BK1802","ntaname":"Marine Park-Mill Basin-Bergen Beach","boroname":"Brooklyn","ntatype":"0"},"geometry":{"type":"MultiPolygon","coordinates":[[[[-73.9171951501055,40.63173820625012],[-73.91659169782919,40.630451857973206],[-73.9022870793228,40.6244098539305],[-73.9028329051439,40.623603362298304],[-73.90016300858034,40.621677094243765],[-73.9019895070519,40.620562190469464],[-73.89810073621506,40.617043985744445],[-73.89855614096581,40.615148674172104],[-73.90213040256702,40.612780001262294],[-73.90838646239753,40.61739102877563],[-73.9091385318665,40.61653162172922],[-73.9081566385159,40.615601124051786],[-73.90895706128654,40.61699148532209],[-73.90964406040283,40.61657537200228],[-73.90225859966276,40.61042277260011],[-73.90164211790079,40.60576336073908],[-73.9052430092616,40.604910090324076],[-73.90597461177855,40.60638402870451],[-73.90863959535422,40.60665872204806],[-73.9098515484547,40.605999722177884],[-73.90832536835099,40.604073374421425],[-73.91365119759595,40.60398251383714],[-73.91673556486195,40.60681456155035],[-73.91657073983414,40.609423539546114],[-73.91708838503367,40.60882085439612],[-73.91449542205973,40.61165322366508],[-73.91428072662931,40.614938816187994],[-73.91642099003494,40.613569354692906],[-73.91587086536354,40.61291003739075],[-73.91662804371141,40.613443589265685],[-73.91573181927129,40.61183084451401],[-73.91811036612988,40.610208394560445],[-73.91800500501185,40.608149778514814],[-73.9190073708132,40.60826725547346],[-73.91813814889909,40.60764538741045],[-73.91935398418163,40.60804292228745],[-73.91825269092949,40.607229350640786],[-73.91950358918861,40.607974904478006],[-73.91794980501203,40.606209252342346],[-73.9215842904519,40.60763908589645],[-73.92444144261098,40.60579356998425],[-73.92624884959909,40.60741352225924],[-73.92986880113953,40.605071342130266],[-73.93604627615379,40.609514868917145],[-73.93753749374042,40.6085573902577],[-73.93934703315237,40.61018714136856],[-73.9423117579338,40.60826819732571],[-73.94354697934085,40.609346555698075],[-73.94482770908351,40.61604620910915],[-73.9368669954074,40.62025328173519],[-73.93320457514412,40.61697044275365],[-73.93173179059826,40.617926921393774],[-73.926297698486,40.61319215567536],[-73.92640044535047,40.61447853553114],[-73.92062400176049,40.61483868167425],[-73.92052694019553,40.613942695005846],[-73.91690302605194,40.61627422991029],[-73.91860224674097,40.63206832825301],[-73.9171951501055,40.63173820625012]]]]}},{"type":"Feature","properties":{"nta2020":"BK1803","ntaname":"Canarsie","boroname":"Brooklyn","ntatype":"0"},"geometry":{"type":"MultiPolygon","coordinates":[[[[-73.88833929256353,40.64671022841523],[-73.88835262237468,40.64670795760885],[-73.88837395798767,40.64671039877068],[-73.88840531896174,40.64671398851557],[-73.88845015036296,40.64672855303996],[-73.88849720193863,40.64675678600027],[-73.888536179038,40.646788248267825],[-73.88853640000424,40.64678842689979],[-73.88853772941454,40.64680287182104],[-73.88853970368733,40.64682430497873],[-73.88853297695874,40.64686151942709],[-73.88853291212867,40.64686188223087],[-73.88850950500931,40.6468811641795],[-73.8884678792323,40.646899734553365],[-73.88829183011075,40.646718719070236],[-73.88830775449108,40.646715601755076],[-73.88833929256353,40.64671022841523]]],[[[-73.8912185346906,40.64998769862287],[-73.88879690848671,40.64605025805656],[-73.8893760297505,40.646974754423375],[-73.8880813881791,40.64662057063343],[-73.88805587182858,40.645119787257485],[-73.88078889725736,40.63975743263574],[-73.88594417690686,40.63622681167439],[-73.88288850822047,40.63343648718216],[-73.88544136129505,40.631401632810935],[-73.89209387061061,40.628657734739036],[-73.89081563470049,40.63085391554503],[-73.89277185864478,40.63180870450963],[-73.90146161102417,40.62523141885306],[-73.91606079988702,40.63203404982172],[-73.91860224674097,40.63206832825301],[-73.91995062900942,40.644707631236805],[-73.91830152283252,40.64581226325204],[-73.90944846291285,40.65152159979489],[-73.90398200421099,40.6466285675762],[-73.89586154781912,40.65188052733215],[-73.89761013176373,40.6534538161202],[-73.8935467700785,40.655202714083224],[-73.8900058905851,40.65114869763263],[-73.89125147174484,40.65002559738419],[-73.8912185346906,40.64998769862287]]]]}},{"type":"Feature","properties":{"nta2020":"BK1891","ntaname":"Marine Park-Plumb Island","boroname":"Brooklyn","ntatype":"9"},"geometry":{"type":"MultiPolygon","coordinates":[[[[-73.91513331918196,40.58626938540091],[-73.91258587400705,40.585566744135654],[-73.91242103069457,40.58339278402747],[-73.91729861410717,40.5831908017497],[-73.91541290900743,40.58236407430148],[-73.91191058860355,40.582963377252796],[-73.91149960130792,40.58181878045958],[-73.91505520170745,40.581543607722814],[-73.92443604095033,40.58355820294181],[-73.93183881303779,40.582945274164615],[-73.93204244838584,40.58423396007718],[-73.93009616234006,40.58450207623227],[-73.93139947444456,40.58607989549062],[-73.9272164914815,40.584783431487516],[-73.92101255415582,40.5845750192817],[-73.9151520415633,40.58627781590681],[-73.91513331918196,40.58626938540091]]],[[[-73.91990064336093,40.5996005215878],[-73.91626393108346,40.598161137312935],[-73.91338305751177,40.59472155328083],[-73.91295122631982,40.59205432996972],[-73.91524478238685,40.59158750868088],[-73.92182277731894,40.59733293287272],[-73.92213049353334,40.59866259668008],[-73.91989599129745,40.59960620060114],[-73.91990064336093,40.5996005215878]]],[[[-73.93531145022197,40.608860040397],[-73.92986880113953,40.605071342130266],[-73.92624884959909,40.60741352225924],[-73.92444144261098,40.60579356998425],[-73.9215842904519,40.60763908589645],[-73.9206586164381,40.60675454338088],[-73.91970928643104,40.60730216328025],[-73.88769395759935,40.57806323917918],[-73.89552381007165,40.576769818436624],[-73.8967463702365,40.58318998503371],[-73.89957927949723,40.5879878062362],[-73.90426037350453,40.586912024831946],[-73.90651874671025,40.58802547311536],[-73.90643924223701,40.58703385687755],[-73.91152755089257,40.586105809031594],[-73.91202884638848,40.59436759528021],[-73.91573791657294,40.599205841210164],[-73.92170503331239,40.601744370075785],[-73.9246598352226,40.599725989688245],[-73.92954149151934,40.60274908136815],[-73.9292055680049,40.60389201188955],[-73.93117476161733,40.6038504064349],[-73.93212319646196,40.60270973874635],[-73.93108919528396,40.60172225876688],[-73.9272024040044,40.59991008043438],[-73.91487761546057,40.59031362071104],[-73.9146212529383,40.58874871772988],[-73.91819087666164,40.58660685542734],[-73.929568582433,40.59682026542218],[-73.92813139604965,40.59777792864857],[-73.93972613778836,40.60713291512225],[-73.93572378261062,40.609227486813815],[-73.93531145022197,40.608860040397]]]]}},{"type":"Feature","properties":{"nta2020":"BK1892","ntaname":"McGuire Fields","boroname":"Brooklyn","ntatype":"9"},"geometry":{"type":"MultiPolygon","coordinates":[[[[-73.90418982324465,40.6135645608517],[-73.90213040256708,40.612780001262294],[-73.89855614096591,40.615148674172104],[-73.898100736215,40.617043985744445],[-73.90198950705195,40.620562190469464],[-73.89985640555943,40.621768759374895],[-73.89705223901187,40.6216839651184],[-73.8956138850201,40.61980128664824],[-73.89664335225388,40.61734771214244],[-73.89586112894187,40.61451813749493],[-73.89095414564765,40.61283404681469],[-73.89396385060823,40.61121422308353],[-73.89107794632702,40.61227686136612],[-73.88974700785128,40.6110748817642],[-73.89226735458972,40.60916527314685],[-73.89334621420018,40.60674344623483],[-73.89850211043296,40.60529669018305],[-73.90106340829078,40.606933287930104],[-73.90027950007679,40.61007400967383],[-73.9013661982304,40.61170184114492],[-73.90249392985298,40.611814999032454],[-73.9013296265948,40.61048104260088],[-73.90418042590366,40.613555088969676],[-73.90418982324465,40.6135645608517]]]]}},{"type":"Feature","properties":{"nta2020":"BK1893","ntaname":"Canarsie Park & Pier","boroname":"Brooklyn","ntatype":"9"},"geometry":{"type":"MultiPolygon","coordinates":[[[[-73.87907715510792,40.63830298109597],[-73.87714434868597,40.63597649800772],[-73.88364451728319,40.63094331163619],[-73.88404726149385,40.62956011854668],[-73.88263248367437,40.628274273126415],[-73.88369231505538,40.627559373913535],[-73.88512954023693,40.62882725917416],[-73.887526737062,40.62833182448268],[-73.89148720748321,40.62448172241535],[-73.89533612470588,40.622470570731934],[-73.90146161102423,40.62523141885301],[-73.89277185864478,40.63180870450963],[-73.8908156347006,40.63085391554503],[-73.89209387061061,40.628657734739],[-73.8874760905924,40.630119778198456],[-73.88288850822063,40.633436487182124],[-73.88594417690692,40.63622681167439],[-73.88076685498288,40.63958164765362],[-73.87911787797981,40.638266587943306],[-73.87907715510792,40.63830298109597]]]]}},{"type":"Feature","properties":{"nta2020":"BK5591","ntaname":"Prospect Park","boroname":"Brooklyn","ntatype":"9"},"geometry":{"type":"MultiPolygon","coordinates":[[[[-73.96608622429281,40.67256324110108],[-73.96257123040704,40.67162224522248],[-73.96095595387625,40.663285054834205],[-73.96308145306406,40.662196726823424],[-73.9618808635178,40.65488119255476],[-73.96621321893223,40.65318940555172],[-73.96465438564746,40.65088772845854],[-73.97139631534189,40.64825778611394],[-73.97436701226458,40.658187904684944],[-73.98022716120721,40.6610479757954],[-73.97040734461659,40.67264721993095],[-73.96643220399662,40.672647668491564],[-73.96608622429281,40.67256324110108]]]]}},{"type":"Feature","properties":{"nta2020":"BK5691","ntaname":"Barren Island-Floyd Bennett Field","boroname":"Brooklyn","ntatype":"9"},"geometry":{"type":"MultiPolygon","coordinates":[[[[-73.88769395682992,40.578063239513405],[-73.91852760745402,40.606113367142626],[-73.9132985456986,40.602250351246106],[-73.90903689530533,40.60267734322033],[-73.91073123013267,40.602021376027814],[-73.90904083221544,40.60162520588616],[-73.89932620712385,40.60355074627511],[-73.89241272524092,40.60329895361237],[-73.88773089704557,40.605268271080845],[-73.88396434882077,40.6055491404266],[-73.88271777210468,40.604178837179525],[-73.88336367946047,40.602877458542366],[-73.8789689043874,40.59089677311774],[-73.87878760363557,40.58803046036658],[-73.87671672482074,40.584914430200975],[-73.87970231664,40.58013510069834],[-73.88765149200816,40.57807474195788],[-73.88769395682992,40.578063239513405]]]]}},{"type":"Feature","properties":{"nta2020":"BK5692","ntaname":"Jamaica Bay (West)","boroname":"Brooklyn","ntatype":"9"},"geometry":{"type":"MultiPolygon","coordinates":[[[[-73.86327471071941,40.583876848532036],[-73.86772796903779,40.581663408926474],[-73.86925758051196,40.58190964107365],[-73.8705059791835,40.58334195301393],[-73.87115922675414,40.58687388796749],[-73.86981356482006,40.589460927291036],[-73.86635052164085,40.59189267656495],[-73.86327273492715,40.590908076195376],[-73.86125299377363,40.58798808592135],[-73.86317563293608,40.58406484086061],[-73.86327471071941,40.583876848532036]]],[[[-73.86952707548932,40.598713750354676],[-73.86967070711498,40.59668856362231],[-73.87020899836229,40.596954232789564],[-73.86952707548932,40.598713750354676]]],[[[-73.87019491489939,40.59899640590207],[-73.87108141811476,40.5989011474703],[-73.87049411914771,40.60260444620478],[-73.87026280565112,40.60168122125363],[-73.87019491489939,40.59899640590207]]],[[[-73.85243335807012,40.59733339779547],[-73.85673364394975,40.5960757643542],[-73.86044420534076,40.596471905596545],[-73.86335999147606,40.6003222027713],[-73.86112814224636,40.602550330571866],[-73.85482595782858,40.601867195856414],[-73.85076748001559,40.59883944383751],[-73.85200481843843,40.597748438273584],[-73.85243335807012,40.59733339779547]]],[[[-73.86702905185557,40.60374338885415],[-73.86830808464808,40.6031391601412],[-73.8670260728693,40.60417158451098],[-73.86702905185557,40.60374338885415]]],[[[-73.84673651405038,40.60485301535355],[-73.84445489982676,40.60468732892302],[-73.84562303792465,40.6035194312536],[-73.8478624837862,40.60470270632697],[-73.84673648056943,40.60486760007582],[-73.84673651405038,40.60485301535355]]],[[[-73.84827982667265,40.60543325472783],[-73.84827187216477,40.60542970399792],[-73.84826025868144,40.6054299416351],[-73.84824830475215,40.60543422415155],[-73.84823834468179,40.60543648755597],[-73.84822474020869,40.60543748079817],[-73.84821312729896,40.60543746546208],[-73.8482028555254,40.605431130178026],[-73.84819823707225,40.60541974414796],[-73.84820355866218,40.60541393589951],[-73.84820855360279,40.605406102795364],[-73.84821188965054,40.6053982675002],[-73.84821124860606,40.60538815207214],[-73.84820363858339,40.605378785007574],[-73.84818473793167,40.605373450537094],[-73.84816551253134,40.605365837906135],[-73.84815026193539,40.605360254612584],[-73.84813498699503,40.605366051215015],[-73.84813162563174,40.60538501226287],[-73.84811401337103,40.605397127157175],[-73.84808679157702,40.60540341289792],[-73.84805958340117,40.60540438864156],[-73.84803868800886,40.60540107342115],[-73.84802011343676,40.60539801406755],[-73.84801387144407,40.60539206388413],[-73.84801125267278,40.60538442276034],[-73.84799281497541,40.60537434745622],[-73.84798228242337,40.60536709776764],[-73.84797068381103,40.605364670339156],[-73.84795277186736,40.60535499863198],[-73.84793803450349,40.605341712991915],[-73.84792067413856,40.605321589856445],[-73.84790540657453,40.60530870574842],[-73.84789174562947,40.605285773514304],[-73.84787333270673,40.60526484534047],[-73.84786863249467,40.60524393481272],[-73.84786815530018,40.60522222657172],[-73.8478708143155,40.60521258207872],[-73.84785660802058,40.60519728627668],[-73.84784820904314,40.60517958724673],[-73.84783507458248,40.6051566557025],[-73.84784301608455,40.605143802311254],[-73.84784832905895,40.60512692507145],[-73.8478404571893,40.6051092270737],[-73.84783679440764,40.60509635798416],[-73.84783682255852,40.60508497088708],[-73.84784989171465,40.60507646279026],[-73.84788717369037,40.60507793295496],[-73.84790951454497,40.605090750032765],[-73.84792063793735,40.605117760256476],[-73.8479317881065,40.605133404488875],[-73.84795600589725,40.605140540609256],[-73.84798584322904,40.605136317964096],[-73.84798588852034,40.60511642643209],[-73.84798221794527,40.605090846218516],[-73.84800645667248,40.6050894574598],[-73.84804375652315,40.60508240270119],[-73.84809039734193,40.605066834878386],[-73.84814442744387,40.60508111460675],[-73.84816115361615,40.60510387009668],[-73.84817788927188,40.605122363651176],[-73.84821329542889,40.60512809267508],[-73.84824868418937,40.605142348236484],[-73.84827473391273,40.605163695371196],[-73.84829333123508,40.60518361100961],[-73.84829516959364,40.605194980131714],[-73.84827466287685,40.605194953062096],[-73.84825228896334,40.60519634433961],[-73.84825047719241,40.60520790180433],[-73.8482561056878,40.60521347238121],[-73.84826140139518,40.60521904268603],[-73.8482540809804,40.60522838936506],[-73.84824709296237,40.605237231046566],[-73.84823945142048,40.605242025529556],[-73.84824075740092,40.605250878161996],[-73.84825567748884,40.60525544980045],[-73.84826961452887,40.605255215063764],[-73.8482838830883,40.60525447532709],[-73.84828953612853,40.605248667009576],[-73.84830146876394,40.60525374030201],[-73.84831074098918,40.60526184420519],[-73.84831468948045,40.60527651710924],[-73.84831599564421,40.6052858741718],[-73.84831364677486,40.60529699853545],[-73.84832093674046,40.60530105398902],[-73.84833123435708,40.605296009533944],[-73.84834781312992,40.605300583851815],[-73.84836238598885,40.60531248861325],[-73.84836303788293,40.60531754651278],[-73.84835871258156,40.605322345378916],[-73.84835172588645,40.60533118706843],[-73.84834540032278,40.605340535065864],[-73.84834372066744,40.605349383757435],[-73.84835132734723,40.60536052008527],[-73.84835263745055,40.60536785540892],[-73.84834963743825,40.60537417333615],[-73.84834167127353,40.60537517503679],[-73.84833304936946,40.60537339270728],[-73.84832474656558,40.60537666901039],[-73.84831644185107,40.60538146312585],[-73.84831112142041,40.60538676661528],[-73.84831740201011,40.60539663752161],[-73.8483303239516,40.60540474623971],[-73.84834093838809,40.605405771453285],[-73.8483458988444,40.60541311209633],[-73.8483485376044,40.60542019603637],[-73.84836079436514,40.605428809476734],[-73.848360442047,40.60543740695055],[-73.8483501462187,40.60544194580718],[-73.84833687923035,40.60543990538483],[-73.84832029418884,40.60543836568291],[-73.84830437452153,40.6054355630158],[-73.8482894456848,40.60543453210398],[-73.84827982667265,40.60543325472783]]],[[[-73.84840341186498,40.605920829372614],[-73.84841315002565,40.605919229412294],[-73.8484262837322,40.605913117004484],[-73.84843308214447,40.605901835500994],[-73.84842590197748,40.605895374646686],[-73.84841573658368,40.60589858751921],[-73.84840602113192,40.60589018768641],[-73.84840519024736,40.60588341187349],[-73.84839249183977,40.6058833951239],[-73.8483819051447,40.6058862846088],[-73.84837130819258,40.605892722014424],[-73.84835944513306,40.605898190434544],[-73.84834548054484,40.60589752702142],[-73.84833956788447,40.60589171231931],[-73.84833873854305,40.605883969864],[-73.84832648195551,40.605876212161554],[-73.84832311286246,40.6058687885133],[-73.84832312532161,40.60586330445841],[-73.84832314291059,40.60585556245053],[-73.84831764583869,40.605853942391505],[-73.84831171288178,40.60585716033788],[-73.84830536294834,40.60585747411593],[-73.84829945117318,40.60585165991549],[-73.84829480835941,40.605845847557184],[-73.84829015762783,40.60584390679013],[-73.84828253873563,40.605844218556925],[-73.84827620053166,40.60583937160901],[-73.84827113290206,40.60583420350919],[-73.8482686086177,40.60582742612987],[-73.84827369897157,40.605822594771475],[-73.8482741362552,40.60581646561945],[-73.8482652687855,40.60580742190631],[-73.84825638577453,40.60580483006005],[-73.84825302175192,40.605795470782915],[-73.84825430625436,40.6057890210933],[-73.84825600919838,40.605784829413395],[-73.84826109947848,40.60577935256508],[-73.84826915161455,40.60577516960219],[-73.84827634714837,40.605774856272305],[-73.84829073740808,40.605774875267954],[-73.84829495202543,40.6057826228623],[-73.84830806460526,40.60578618860721],[-73.84832499307944,40.60578685610386],[-73.84833895764339,40.60578752002207],[-73.84835206846802,40.60579205357647],[-73.84836052212013,40.605796902808635],[-73.84837620149007,40.60578853697808],[-73.84838720705459,40.60578790600608],[-73.84839141391952,40.60579887919555],[-73.84839265665629,40.60581081578904],[-73.84839813079866,40.60582340395699],[-73.84840743240916,40.60582760931643],[-73.84841926688674,40.60583472230337],[-73.84842136827379,40.60584149878658],[-73.84840994132509,40.60584116138944],[-73.84840020097907,40.6058437286607],[-73.84840737015031,40.60585502858577],[-73.84842133385312,40.60585665930434],[-73.84844333892205,40.60585797947156],[-73.84846829106971,40.60586672104701],[-73.84847675572038,40.60586673220671],[-73.84847719225147,40.60586092655207],[-73.8484789040378,40.60585254279511],[-73.84848695609539,40.60584771432655],[-73.84849542733224,40.60584482204349],[-73.84850094783356,40.60583708745687],[-73.84850647484475,40.60582580527824],[-73.84850945786162,40.60581709885971],[-73.84850990976078,40.60580451901082],[-73.84850526502917,40.605799351478716],[-73.84850189665235,40.605791605175185],[-73.84850655975416,40.605788386047735],[-73.84851501912567,40.60579130064785],[-73.84852855887797,40.60579260813321],[-73.84853745580196,40.605789071252765],[-73.84855269971996,40.60578554340528],[-73.84857218257868,40.60577944051953],[-73.84859333756006,40.60578301632516],[-73.84859668773154,40.60579850413052],[-73.84859453936534,40.60581301754595],[-73.84858561976135,40.60582655455939],[-73.8485771309735,40.60583718785195],[-73.8485576474366,40.605843291742794],[-73.84855085637383,40.605852314298374],[-73.84854152782057,40.60585939837887],[-73.84854912351801,40.60586940837901],[-73.84856054476481,40.60587264953997],[-73.8485694408169,40.605869113326015],[-73.8485741070689,40.60586460321937],[-73.84858044295378,40.605870095638046],[-73.84857957188488,40.60588073896645],[-73.84857954774088,40.605891384248245],[-73.84858164622031,40.60589945070016],[-73.84858203913639,40.60591267782272],[-73.84859260168696,40.605920432763625],[-73.84860784563689,40.6059178720554],[-73.84862437185517,40.605908862318806],[-73.84863707911683,40.60590468512622],[-73.84865147891134,40.605900510496106],[-73.84866631528966,40.60589020805011],[-73.84867818950929,40.605879901032075],[-73.84867396738,40.60587505739479],[-73.84867186655457,40.605868603243394],[-73.84867948713159,40.60586764546006],[-73.8486917613037,40.60586766161947],[-73.84870317809579,40.60587219240095],[-73.84871754856975,40.605881243323665],[-73.84871964443143,40.60589027825644],[-73.84869590952076,40.60590444026204],[-73.8486696290707,40.605922148019026],[-73.84863530598517,40.605939843670626],[-73.84859083592313,40.60595301052834],[-73.84854340843654,40.60596359402315],[-73.84850954890608,40.60596354939903],[-73.84847484413383,40.605962857657666],[-73.84843761637275,40.60595538936963],[-73.84840759940585,40.60594051137837],[-73.8483970384862,40.605931465441955],[-73.84839789933066,40.60592533785346],[-73.84840341186498,40.605920829372614]]],[[[-73.83446265554129,40.60719253361177],[-73.83573587499335,40.60579318912148],[-73.83437386502005,40.60785151459003],[-73.83446265554129,40.60719253361177]]],[[[-73.86702399475149,40.608068178769614],[-73.86874317559169,40.60703517927944],[-73.86868468826752,40.60824115818402],[-73.86777501561137,40.60853948877858],[-73.86702399475149,40.608068178769614]]],[[[-73.86966442958492,40.60654012341308],[-73.87109330768071,40.60469417399489],[-73.87300122724774,40.610555458460055],[-73.87076008541273,40.60870540090827],[-73.86966442958492,40.60654012341308]]],[[[-73.85047624966444,40.61234221905743],[-73.8496714508642,40.612109979904474],[-73.84942148819655,40.609822060411936],[-73.85445878451026,40.607895794207195],[-73.85362640653464,40.607264709614704],[-73.85506642640645,40.60745986893317],[-73.85480344786887,40.60859621030309],[-73.8565999931529,40.61083447295431],[-73.85196381218927,40.61024365868905],[-73.85265329597192,40.61117386911124],[-73.85049422590112,40.61233615828297],[-73.85047624966444,40.61234221905743]]],[[[-73.84473492652828,40.61396917230432],[-73.84067468895365,40.61144632263991],[-73.83817706043442,40.61308044415503],[-73.83623621146766,40.61227010691594],[-73.838870804496,40.607905798040186],[-73.84049656815482,40.60855541941693],[-73.83935927868202,40.607614852162705],[-73.84136277623473,40.60679402251721],[-73.84041971570521,40.605770911346724],[-73.84148878849295,40.60449846406891],[-73.84442729340415,40.60415636984209],[-73.84193617824408,40.60492999800377],[-73.84338248378477,40.60498645851542],[-73.84390053212167,40.606416467895514],[-73.84406885474431,40.6045611636767],[-73.84457707891882,40.60660325934993],[-73.84493905970666,40.60503253366469],[-73.84746742835364,40.60508247708559],[-73.84590992090752,40.60629229623312],[-73.84640264726846,40.60730165693941],[-73.84644441647339,40.606223284211026],[-73.84964678348713,40.60605020355461],[-73.8468244449499,40.608063189700154],[-73.84486233812146,40.60808770468996],[-73.8462789702247,40.60827868695028],[-73.84573342635744,40.611441013476245],[-73.84485550137006,40.61102962820015],[-73.84564426528331,40.61369219538079],[-73.8447495557161,40.6139722343933],[-73.84473492652828,40.61396917230432]]],[[[-73.83370152195165,40.620978601845955],[-73.83401888134374,40.61438116692243],[-73.83776702143372,40.615522231418936],[-73.83527378301078,40.617247221955516],[-73.83570733216762,40.619729166952155],[-73.83490436791962,40.620469378562085],[-73.8338007558105,40.61964562018715],[-73.83447330392707,40.62012184715354],[-73.83373593299093,40.62089847605278],[-73.83370152195165,40.620978601845955]]],[[[-73.8347803231735,40.622625494643565],[-73.83362241936116,40.62260263983393],[-73.83400742535396,40.621034836832465],[-73.83498716099349,40.621011299889034],[-73.83499220330388,40.622693146469054],[-73.8347803231735,40.622625494643565]]],[[[-73.85023090762864,40.62332082362228],[-73.8484637152489,40.62236570323497],[-73.85085107926835,40.62024715775812],[-73.85655155624839,40.619567321995426],[-73.85740170805083,40.62030367463139],[-73.85517130927292,40.621959337739476],[-73.8545115586453,40.620795739308036],[-73.85185329658592,40.6205651937826],[-73.8512929295495,40.621836514431],[-73.8523603825202,40.62297487051674],[-73.85023724746435,40.62336748954117],[-73.85023090762864,40.62332082362228]]],[[[-73.83357550598073,40.62359791750215],[-73.83359339215733,40.62359497891095],[-73.8336174675513,40.62359428031453],[-73.83362994279223,40.62361117340109],[-73.83363278247991,40.62363098765163],[-73.83363459028607,40.623640761231215],[-73.83363658292217,40.62365153740455],[-73.83365484362983,40.623665504086496],[-73.83367021064495,40.62366659079989],[-73.83368661569799,40.62366775138546],[-73.83369910742316,40.62367804116372],[-73.83370757496054,40.62369368504377],[-73.83370768871286,40.62371253808831],[-73.83369065729663,40.62372132631656],[-73.83366238668327,40.623730081528436],[-73.83363731573861,40.62374398551009],[-73.83363724441392,40.623772600873785],[-73.83363043352935,40.623800471032],[-73.83360632879314,40.62381290968843],[-73.83362092674511,40.62383525037384],[-73.83362931183109,40.6238643024937],[-73.8336350424365,40.623883386982484],[-73.83365037938356,40.6239112903621],[-73.83365224121471,40.623936972743685],[-73.83363582579899,40.62395529191149],[-73.8336021277615,40.62395304181116],[-73.83357711957942,40.623942000630066],[-73.83355923814358,40.62393603500176],[-73.83357550598073,40.62359791750215]]],[[[-73.862124015412,40.62399037244013],[-73.86303876770799,40.623302991769556],[-73.86377739100126,40.6239514070558],[-73.86207510188247,40.624025667734806],[-73.862124015412,40.62399037244013]]],[[[-73.84589458447083,40.624971815314],[-73.84293864765408,40.623323903976875],[-73.84536704025797,40.62304856573115],[-73.84590684003537,40.62502474476109],[-73.84589458447083,40.624971815314]]],[[[-73.85777441018632,40.62482353414761],[-73.85787355686043,40.62482078899931],[-73.85790133312423,40.62484600460814],[-73.85784740215496,40.624931337820854],[-73.85779869158353,40.62499950122604],[-73.85781386771735,40.62504045736583],[-73.8578051192448,40.62508593668134],[-73.8578413390382,40.62519091321788],[-73.85765508760328,40.62530956045349],[-73.85753308937589,40.62526200937419],[-73.85733486430794,40.625145639546396],[-73.85732909539641,40.62511698058467],[-73.85742271993813,40.624975293543066],[-73.85752200441722,40.624910475880746],[-73.85767347207475,40.62484572274616],[-73.85777441018632,40.62482353414761]]],[[[-73.84048472674594,40.62749528903054],[-73.83946700887869,40.62729384076306],[-73.84072122115312,40.62586474512187],[-73.84238178647985,40.62744078627189],[-73.84044645651653,40.62658622483699],[-73.8404918608456,40.62750511595707],[-73.84048472674594,40.62749528903054]]],[[[-73.86872915290877,40.61735678500352],[-73.8779807086463,40.61579829287851],[-73.87951577316615,40.61656151979666],[-73.87978055533642,40.61863064242991],[-73.87779098889014,40.62165224155554],[-73.86645483989277,40.62825538680653],[-73.86472766045325,40.626525542416324],[-73.86650860322545,40.623754008018146],[-73.86500830119967,40.620546683660415],[-73.86575831319405,40.618501449958124],[-73.86820693763136,40.61741302454808],[-73.86872915290877,40.61735678500352]]],[[[-73.84813977022544,40.628542705091],[-73.84818539494285,40.62851829439825],[-73.84831449881261,40.62854113899824],[-73.848406866659,40.62856897831198],[-73.84843360460383,40.62859887666715],[-73.84845550422865,40.62863097827082],[-73.84847225695279,40.62866483079951],[-73.8484836267157,40.62869995725751],[-73.84848397710363,40.62873143631264],[-73.84847889973067,40.62876267791343],[-73.84846848249639,40.62879314116168],[-73.84844006253086,40.628822786739335],[-73.8484064606831,40.62884909836402],[-73.84836834270084,40.628871554723474],[-73.84812593674191,40.62884044530816],[-73.84810045534807,40.62879673602523],[-73.84805350490112,40.62867358749055],[-73.84813977022544,40.628542705091]]],[[[-73.84851993565115,40.63056102427568],[-73.8484981956076,40.630560643318184],[-73.84847551834031,40.630565899807884],[-73.84845562627913,40.63056657788229],[-73.84843990395647,40.63056409012844],[-73.84842604788466,40.630554909206744],[-73.84841820925585,40.63054432646129],[-73.84841731473252,40.6305305810466],[-73.84842474419428,40.63051790438296],[-73.84842478341348,40.6305006363971],[-73.84842991578864,40.63048161188422],[-73.84843274101267,40.63045941351087],[-73.84844849292081,40.6304488618631],[-73.8484757951891,40.6304439639547],[-73.84849985548367,40.63044047185849],[-73.84852527029102,40.630452487343256],[-73.84854326257268,40.63047365586872],[-73.84857654657077,40.63048251005141],[-73.84861031467139,40.63048220254077],[-73.84863669731588,40.630475189169],[-73.84865754653642,40.63046006262376],[-73.84868437801416,40.63045904066404],[-73.84869127547586,40.6304770227403],[-73.84868983660947,40.63049957525749],[-73.84868886802364,40.630518956569595],[-73.84869762306458,40.63053376976861],[-73.84870083321519,40.6305461084729],[-73.84869709969098,40.63056055325926],[-73.84869381617371,40.63058028400563],[-73.84870393630851,40.63060567124427],[-73.84869374266732,40.63061270593681],[-73.84868033627649,40.630609516972235],[-73.84866229938237,40.630608083477284],[-73.84864427040291,40.63060277270195],[-73.84862901936748,40.63059676195986],[-73.84861051976752,40.63059603264147],[-73.84859110385973,40.630590368723574],[-73.8485712325824,40.630581884189375],[-73.84855830164906,40.630573057485336],[-73.8485402813452,40.630564222400416],[-73.84851993565115,40.63056102427568]]],[[[-73.85300014644605,40.63202284175095],[-73.85187979314794,40.63050831920719],[-73.8585583634798,40.63045828819579],[-73.85758486742982,40.63271617553656],[-73.85434617220534,40.63372263089995],[-73.85241247454128,40.63364349814306],[-73.8528858792022,40.632178211632784],[-73.85300014644605,40.63202284175095]]],[[[-73.84638458909967,40.63528576768908],[-73.8478265350584,40.63277973665531],[-73.85005000290471,40.63217364328015],[-73.84827983562069,40.63747156090536],[-73.84667914840219,40.6387317117573],[-73.84427265333285,40.63669234643232],[-73.84624909012808,40.6352902381978],[-73.84638458909967,40.63528576768908]]]]}},{"type":"Feature","properties":{"nta2020":"BK5693","ntaname":"Shirley Chisholm State Park","boroname":"Brooklyn","ntatype":"9"},"geometry":{"type":"MultiPolygon","coordinates":[[[[-73.87327031255236,40.643903214345094],[-73.86989583386247,40.63893452891972],[-73.86799709668223,40.63811526470727],[-73.87347939154502,40.636285545798984],[-73.87835076408712,40.6388716137437],[-73.87386033921213,40.64631440559564],[-73.87331993047317,40.64400882500443],[-73.87327031255236,40.643903214345094]]],[[[-73.85837605317566,40.64727441581625],[-73.85716978298206,40.643678558886165],[-73.86289463224384,40.642550679682635],[-73.86670411973684,40.64002176399823],[-73.86628476777165,40.63947288319071],[-73.86867282895082,40.640925079203626],[-73.87061492461147,40.64485674138435],[-73.87342508856524,40.64678123051601],[-73.86054077728362,40.65462399727893],[-73.85722330940358,40.65027867054106],[-73.85783469416441,40.64830233778526],[-73.85837605317566,40.64727441581625]]]]}},{"type":"Feature","properties":{"nta2020":"BX0101","ntaname":"Mott Haven-Port Morris","boroname":"Bronx","ntatype":"0"},"geometry":{"type":"MultiPolygon","coordinates":[[[[-73.92480953822846,40.81565902072548],[-73.92309299772212,40.816697728138315],[-73.92124519592693,40.8162193972974],[-73.92048117283511,40.81456368686958],[-73.91764502820385,40.816065918016484],[-73.90446551344374,40.81228196041537],[-73.90341720307497,40.811506882855255],[-73.90229231926554,40.804564776643865],[-73.91168831108833,40.796623770558085],[-73.91903181906888,40.79898494724852],[-73.92292709999569,40.80237329531277],[-73.9276278850446,40.802695665983364],[-73.9276450026433,40.803988633348276],[-73.9287260742369,40.80410362522707],[-73.93252708719822,40.80882328177514],[-73.93242307595003,40.8141517151758],[-73.93027812596966,40.8132480256553],[-73.92731653000297,40.818559634826904],[-73.92518486375293,40.81801266937714],[-73.92662718123506,40.8161189596765],[-73.92505519785544,40.81572157633023],[-73.92480953822846,40.81565902072548]]]]}},{"type":"Feature","properties":{"nta2020":"BX0102","ntaname":"Melrose","boroname":"Bronx","ntatype":"0"},"geometry":{"type":"MultiPolygon","coordinates":[[[[-73.90129277472668,40.82047544261303],[-73.9044655134437,40.81228196041532],[-73.9176450282038,40.816065918016484],[-73.92048117283505,40.81456368686955],[-73.92124519592703,40.8162193972974],[-73.92309299772212,40.816697728138315],[-73.9239995118877,40.815438912951805],[-73.92662718123518,40.81611895967647],[-73.92265261107394,40.82049431528034],[-73.9167740045355,40.824387087372905],[-73.91181615668526,40.822035022411974],[-73.90990894049723,40.82255110811688],[-73.9026681910878,40.82080315988624],[-73.90129277472668,40.82047544261303]]]]}},{"type":"Feature","properties":{"nta2020":"BX0201","ntaname":"Hunts Point","boroname":"Bronx","ntatype":"0"},"geometry":{"type":"MultiPolygon","coordinates":[[[[-73.88098029527114,40.81823562312675],[-73.87673185506915,40.81538649598422],[-73.872394379,40.81397433610859],[-73.87056806861774,40.81208731762185],[-73.8681121914008,40.80675183283206],[-73.87174509373908,40.80154736611633],[-73.87814218819821,40.80131929080922],[-73.878234649218,40.80264680576837],[-73.879213484076,40.802795327337826],[-73.88505172336708,40.80213090679824],[-73.88922416091077,40.805845351694764],[-73.89014756243947,40.80496060928421],[-73.8893743925369,40.80592527311549],[-73.89270681066506,40.806343948093144],[-73.89173240995696,40.80504936291794],[-73.8927481403741,40.80634026130218],[-73.89484295983542,40.805723997514924],[-73.89509836487397,40.80686363917372],[-73.8952796287393,40.805766184570665],[-73.89559109091819,40.8065813433477],[-73.89587481599303,40.805808511582576],[-73.89610824517877,40.80649615095144],[-73.90222284699365,40.804948113859815],[-73.90308946530321,40.809856399702475],[-73.89542858772428,40.81584467293086],[-73.89704466589791,40.81680185968569],[-73.89283653013439,40.82097405411286],[-73.89082377863907,40.820306482436266],[-73.88756449921047,40.82251386913188],[-73.88438503951718,40.822951369497105],[-73.88244779486632,40.81926832301364],[-73.88098029527114,40.81823562312675]]]]}},{"type":"Feature","properties":{"nta2020":"BX0202","ntaname":"Longwood","boroname":"Bronx","ntatype":"0"},"geometry":{"type":"MultiPolygon","coordinates":[[[[-73.8878874606846,40.8223630137872],[-73.89082377863907,40.82030648243621],[-73.89283653013439,40.82097405411286],[-73.89704466589791,40.81680185968569],[-73.89542858772433,40.81584467293086],[-73.90308946530327,40.80985639970244],[-73.9044655134437,40.81228196041532],[-73.90061141014671,40.82210880792915],[-73.90198758531274,40.82244042310524],[-73.90050540337992,40.82600762242905],[-73.90164895494351,40.826256978346684],[-73.90093510612638,40.82792810175661],[-73.8954852261021,40.8282485413837],[-73.89483522835758,40.826246841714166],[-73.88609624100911,40.82765577786004],[-73.88757287174295,40.822607035248275],[-73.8878874606846,40.8223630137872]]]]}},{"type":"Feature","properties":{"nta2020":"BX0291","ntaname":"North & South Brother Islands","boroname":"Bronx","ntatype":"9"},"geometry":{"type":"MultiPolygon","coordinates":[[[[-73.89680883223778,40.795808445159985],[-73.89919434249981,40.79650245601842],[-73.8978825324018,40.79711653214722],[-73.89678526341311,40.79632916598472],[-73.89680883223778,40.795808445159985]]],[[[-73.90838080079352,40.79948704542067],[-73.90824444130371,40.79940950475217],[-73.90822077268398,40.799419164495674],[-73.90817714421814,40.79939009214877],[-73.90813152403656,40.79943130127871],[-73.90796076542273,40.7992834492686],[-73.90802633276766,40.799237871659784],[-73.90816814020228,40.799322330683815],[-73.9082517713246,40.79937217580966],[-73.9083208685154,40.79940541664012],[-73.90842190701693,40.799442093617316],[-73.90838080079352,40.79948704542067]]],[[[-73.90765852928592,40.79942009771165],[-73.9076822280089,40.799388313925455],[-73.90778950640568,40.79944232657519],[-73.9078495142614,40.799470028240364],[-73.90793317717902,40.79949636819683],[-73.90799501744902,40.79951439182579],[-73.90805140706432,40.799526881410465],[-73.90810209968097,40.799539646862584],[-73.90807397255574,40.79957281983749],[-73.90802770464758,40.799561430603006],[-73.90795130657958,40.79954477828607],[-73.90787127636884,40.79952258966668],[-73.90779307559532,40.79949348953819],[-73.90773488799056,40.799465789300676],[-73.90765852928592,40.79942009771165]]],[[[-73.90638976821404,40.801090791686036],[-73.9064517112551,40.8010369152019],[-73.90658587767588,40.801107479618274],[-73.90652042124991,40.80117551051926],[-73.90638976821404,40.801090791686036]]],[[[-73.89833036270552,40.80241282094024],[-73.89646668834577,40.80079047089154],[-73.89864038714995,40.79910116462153],[-73.90021004993142,40.79926415589619],[-73.8993874857105,40.8019356650705],[-73.89833036270552,40.80241282094024]]],[[[-73.90401680971797,40.80347097616906],[-73.9040977498009,40.80341659812573],[-73.90414898834729,40.80345565308955],[-73.9040705521522,40.803520977650244],[-73.90401680971797,40.80347097616906]]],[[[-73.90385084302861,40.80357428277809],[-73.90387236017004,40.8035587447008],[-73.9039484244053,40.80362131045006],[-73.90393674269895,40.80362957661085],[-73.90392732704238,40.80363439130181],[-73.90385084302861,40.80357428277809]]],[[[-73.90366539253372,40.80370246203216],[-73.90368997880375,40.80368770453923],[-73.90376599365688,40.803753454678514],[-73.90374201269472,40.80376780879049],[-73.90366539253372,40.80370246203216]]],[[[-73.90331727421179,40.803775282455376],[-73.90333877121293,40.80377374417692],[-73.90335633699499,40.803861124112686],[-73.90333865129234,40.80385541293751],[-73.90331727421179,40.803775282455376]]],[[[-73.90297311945014,40.80393677187117],[-73.90300283105015,40.80391735226707],[-73.90308609780266,40.80399708839908],[-73.90305966667502,40.80401743535261],[-73.90297311945014,40.80393677187117]]],[[[-73.90270973036469,40.8041636629643],[-73.90290469388435,40.80413905443793],[-73.90287760500685,40.80415758214576],[-73.90271278211293,40.804176887436995],[-73.90270973036469,40.8041636629643]]]]}},{"type":"Feature","properties":{"nta2020":"BX0301","ntaname":"Morrisania","boroname":"Bronx","ntatype":"0"},"geometry":{"type":"MultiPolygon","coordinates":[[[[-73.89696588930462,40.83434214589405],[-73.89630199811194,40.83354321799611],[-73.89717220880983,40.83036883289431],[-73.8954852261021,40.8282485413837],[-73.90093510612638,40.82792810175661],[-73.90164895494351,40.826256978346684],[-73.90050540337992,40.82600762242905],[-73.90198758531274,40.82244042310524],[-73.90061141014671,40.82210880792915],[-73.90129277472668,40.82047544261303],[-73.90990894049723,40.82255110811688],[-73.91181615668526,40.822035022411974],[-73.9167740045355,40.824387087372905],[-73.91541108147266,40.825773909122724],[-73.91130974385186,40.82484855889453],[-73.911694301724,40.82775871580908],[-73.9089599022164,40.8302262340487],[-73.90553116630635,40.82910413258929],[-73.90134101105839,40.835441324410205],[-73.89809341379434,40.834628803245124],[-73.89696588930462,40.83434214589405]]]]}},{"type":"Feature","properties":{"nta2020":"BX0302","ntaname":"Claremont Village-Claremont (East)","boroname":"Bronx","ntatype":"0"},"geometry":{"type":"MultiPolygon","coordinates":[[[[-73.9013172979867,40.844473941534865],[-73.89479021957922,40.84372032197091],[-73.89537836114475,40.842938779458706],[-73.8966616166718,40.84352460706751],[-73.90553116630635,40.82910413258929],[-73.91049010593304,40.830737373534774],[-73.90538357941077,40.83976898447428],[-73.90483249948313,40.84484207145842],[-73.90158188547973,40.84450433458803],[-73.9013172979867,40.844473941534865]]]]}},{"type":"Feature","properties":{"nta2020":"BX0303","ntaname":"Crotona Park East","boroname":"Bronx","ntatype":"0"},"geometry":{"type":"MultiPolygon","coordinates":[[[[-73.88005188415067,40.83470205920019],[-73.88390094722517,40.82980281690994],[-73.88438503951731,40.82295136949705],[-73.8878874606846,40.8223630137872],[-73.88609624100911,40.82765577786004],[-73.89483522835758,40.826246841714166],[-73.89717220880983,40.83036883289431],[-73.89630199811194,40.83354321799611],[-73.89696588930462,40.83434214589405],[-73.88841187095251,40.83855339156463],[-73.88729743923052,40.83813538903685],[-73.8861843201219,40.84010504497275],[-73.8827100472669,40.83862612271144],[-73.882226986618,40.83545245760783],[-73.88031851233119,40.8347961005682],[-73.88005188415067,40.83470205920019]]]]}},{"type":"Feature","properties":{"nta2020":"BX0391","ntaname":"Crotona Park","boroname":"Bronx","ntatype":"9"},"geometry":{"type":"MultiPolygon","coordinates":[[[[-73.89537836114475,40.842938779458706],[-73.8894172471471,40.839422733881484],[-73.88659802256774,40.8392790507779],[-73.88729743923052,40.83813538903685],[-73.88841187095251,40.83855339156463],[-73.89696588930462,40.83434214589405],[-73.90121578298935,40.8354101416905],[-73.8966616166718,40.84352460706751],[-73.89564979568131,40.84303554030016],[-73.89537836114475,40.842938779458706]]]]}},{"type":"Feature","properties":{"nta2020":"BX0401","ntaname":"Concourse-Concourse Village","boroname":"Bronx","ntatype":"0"},"geometry":{"type":"MultiPolygon","coordinates":[[[[-73.9086913114116,40.83393834677405],[-73.910490105933,40.830737373534774],[-73.9089599022163,40.83022623404873],[-73.911694301724,40.82775871580911],[-73.91130974385182,40.82484855889453],[-73.91541108147256,40.82577390912276],[-73.92518486375293,40.81801266937714],[-73.92731653000297,40.818559634826904],[-73.93027812596966,40.8132480256553],[-73.93242307595003,40.8141517151758],[-73.93307251001943,40.828156152538625],[-73.93095939214298,40.82833708946133],[-73.930685614956,40.82706059972692],[-73.92715291285664,40.825723914841376],[-73.92221736139518,40.834162941071305],[-73.923177257326,40.834540100037856],[-73.92237223037706,40.83610874281376],[-73.92001799342097,40.83765612916761],[-73.92047981018476,40.83713953648362],[-73.90910110994929,40.83404444346208],[-73.9086913114116,40.83393834677405]]]]}},{"type":"Feature","properties":{"nta2020":"BX0402","ntaname":"Highbridge","boroname":"Bronx","ntatype":"0"},"geometry":{"type":"MultiPolygon","coordinates":[[[[-73.92285833383762,40.84426606329549],[-73.9213184884446,40.83990334141433],[-73.92237223037706,40.83610874281376],[-73.92825730103077,40.829530515359885],[-73.93307251001943,40.828156152538625],[-73.93314306642985,40.83519412862141],[-73.9286157466785,40.844676865699334],[-73.92804748335654,40.845464595954304],[-73.9229530689775,40.84429476327686],[-73.92285833383762,40.84426606329549]]]]}},{"type":"Feature","properties":{"nta2020":"BX0403","ntaname":"Mount Eden-Claremont (West)","boroname":"Bronx","ntatype":"0"},"geometry":{"type":"MultiPolygon","coordinates":[[[[-73.90483494066312,40.84475261849982],[-73.90501514891653,40.8424046989893],[-73.90953427964574,40.84306281697772],[-73.90887759867266,40.83890289312117],[-73.90963448943478,40.837125318782576],[-73.90792837610917,40.83723964275678],[-73.90538357941077,40.83976898447428],[-73.9086913114116,40.83393834677405],[-73.92047981018476,40.83713953648362],[-73.92001799342114,40.83765612916761],[-73.92237223037701,40.83610874281372],[-73.92131475384191,40.83981337003945],[-73.9228187432955,40.84275115602772],[-73.92265185267908,40.84474515981747],[-73.90520079399073,40.844779462206425],[-73.90483494066312,40.84475261849982]]]]}},{"type":"Feature","properties":{"nta2020":"BX0491","ntaname":"Yankee Stadium-Macombs Dam Park","boroname":"Bronx","ntatype":"9"},"geometry":{"type":"MultiPolygon","coordinates":[[[[-73.92715291241493,40.825723915427346],[-73.930685614956,40.827060599726885],[-73.93095939214298,40.82833708946133],[-73.92802724772581,40.82971953937308],[-73.92237223037701,40.83610874281372],[-73.92317725732613,40.834540100037835],[-73.92221736139518,40.834162941071305],[-73.92663026827744,40.826607690616136],[-73.92715291241493,40.825723915427346]]]]}},{"type":"Feature","properties":{"nta2020":"BX0492","ntaname":"Claremont Park","boroname":"Bronx","ntatype":"9"},"geometry":{"type":"MultiPolygon","coordinates":[[[[-73.90501514891653,40.8424046989893],[-73.9067234559649,40.83834750721977],[-73.90963448943478,40.837125318782576],[-73.90887759867266,40.83890289312117],[-73.90953427964574,40.84306281697772],[-73.90514893908845,40.84254719624052],[-73.90501514891653,40.8424046989893]]]]}},{"type":"Feature","properties":{"nta2020":"BX0501","ntaname":"University Heights (South)-Morris Heights","boroname":"Bronx","ntatype":"0"},"geometry":{"type":"MultiPolygon","coordinates":[[[[-73.90486847127254,40.85869322470828],[-73.90522169895988,40.856203595304336],[-73.91418502222615,40.845134946988445],[-73.92285833383762,40.84426606329549],[-73.92804748335654,40.845464595954304],[-73.91902368970769,40.857396538412814],[-73.91740656723226,40.85705140959541],[-73.91718821027804,40.855918821827935],[-73.91615941504116,40.858784566887344],[-73.91508181719456,40.85919179894057],[-73.91328436985144,40.85961860183284],[-73.9096674776471,40.85748494865283],[-73.90777484202549,40.8596095201241],[-73.9057226239588,40.858992989067104],[-73.90486847127254,40.85869322470828]]]]}},{"type":"Feature","properties":{"nta2020":"BX0502","ntaname":"Mount Hope","boroname":"Bronx","ntatype":"0"},"geometry":{"type":"MultiPolygon","coordinates":[[[[-73.89644052433917,40.85490775915461],[-73.8956088319166,40.85457037059923],[-73.9013172979867,40.844473941534865],[-73.91418502222626,40.84513494698841],[-73.90557007241134,40.85578732339887],[-73.90185995986776,40.85458615026468],[-73.90077922681346,40.856047109728614],[-73.89816577388366,40.85514637639213],[-73.89863543655886,40.853906975435514],[-73.89709926706911,40.855172291947014],[-73.89644052433917,40.85490775915461]]]]}},{"type":"Feature","properties":{"nta2020":"BX0503","ntaname":"Fordham Heights","boroname":"Bronx","ntatype":"0"},"geometry":{"type":"MultiPolygon","coordinates":[[[[-73.89177188666727,40.861871717251596],[-73.89644052433917,40.85490775915461],[-73.89863543655886,40.853906975435514],[-73.89816577388366,40.85514637639213],[-73.90077922681346,40.856047109728614],[-73.90185995986776,40.85458615026468],[-73.90557007241134,40.85578732339887],[-73.90468371278571,40.85706030172391],[-73.90565953360884,40.857398734662645],[-73.90351390497871,40.86091751065298],[-73.90254479260203,40.86057825533532],[-73.9010796688533,40.862756383422],[-73.89198297748706,40.86186399054578],[-73.89177188666727,40.861871717251596]]]]}},{"type":"Feature","properties":{"nta2020":"BX0601","ntaname":"West Farms","boroname":"Bronx","ntatype":"0"},"geometry":{"type":"MultiPolygon","coordinates":[[[[-73.87283453773911,40.839754863891976],[-73.87392818006091,40.83599031261785],[-73.8767332333955,40.83620561805411],[-73.87925239343423,40.83442478999393],[-73.882226986618,40.83545245760783],[-73.8827100472669,40.83862612271144],[-73.8861843201219,40.84010504497275],[-73.8852028620828,40.84498274060421],[-73.88311982437547,40.84822109237876],[-73.87733907150002,40.84399175505718],[-73.87817546826224,40.84261769654637],[-73.87459175304606,40.84152064753811],[-73.86987431101255,40.846617458088176],[-73.86920944569769,40.84923837337521],[-73.86785992927581,40.84886493189031],[-73.86892652627044,40.84688174060916],[-73.86804200325662,40.84481383930633],[-73.87099518067323,40.843111392043916],[-73.87359713479324,40.83979855643703],[-73.87283453773911,40.839754863891976]]]]}},{"type":"Feature","properties":{"nta2020":"BX0602","ntaname":"Tremont","boroname":"Bronx","ntatype":"0"},"geometry":{"type":"MultiPolygon","coordinates":[[[[-73.88311982437547,40.84822109237876],[-73.8852028620828,40.84498274060421],[-73.88659802256774,40.8392790507779],[-73.8894172471471,40.839422733881484],[-73.89537836114475,40.842938779458706],[-73.89479021957922,40.84372032197091],[-73.9013172979867,40.844473941534865],[-73.89534405647633,40.85469655008911],[-73.89216687314898,40.85276946289262],[-73.89038953921249,40.854689058587084],[-73.88997028334323,40.852103229953144],[-73.88322877579367,40.84834587833688],[-73.88311982437547,40.84822109237876]]]]}},{"type":"Feature","properties":{"nta2020":"BX0603","ntaname":"Belmont","boroname":"Bronx","ntatype":"0"},"geometry":{"type":"MultiPolygon","coordinates":[[[[-73.88309382372141,40.86660218502387],[-73.88392395696238,40.864417762372874],[-73.88050547956449,40.86047756186843],[-73.88311982437547,40.84822109237876],[-73.88997028334323,40.852103229953144],[-73.89038953921249,40.854689058587084],[-73.89216687314898,40.85276946289262],[-73.89644052433917,40.85490775915461],[-73.88889565944024,40.86475415323609],[-73.88812278687759,40.86425457107954],[-73.88321216269323,40.86674815264819],[-73.88309382372141,40.86660218502387]]]]}},{"type":"Feature","properties":{"nta2020":"BX0701","ntaname":"University Heights (North)-Fordham","boroname":"Bronx","ntatype":"0"},"geometry":{"type":"MultiPolygon","coordinates":[[[[-73.90614668858372,40.87326020472856],[-73.90452070384171,40.87249521120439],[-73.90442003077385,40.8703612760002],[-73.90318667333348,40.86914899199276],[-73.89942436099136,40.8678808377156],[-73.89891854209993,40.86965857448607],[-73.89656060531188,40.86856520058654],[-73.8974032314425,40.86747418970997],[-73.89016163568581,40.86347636282298],[-73.89177188666727,40.861871717251596],[-73.9010796688533,40.862756383422],[-73.90486847127264,40.85869322470828],[-73.90777484202555,40.8596095201241],[-73.9096674776472,40.85748494865283],[-73.91328436985144,40.85961860183284],[-73.91508181719468,40.859191798940536],[-73.91615941504122,40.85878456688731],[-73.91718821027804,40.85591882182789],[-73.91740656723236,40.85705140959538],[-73.91902368970769,40.857396538412814],[-73.91227278976977,40.86363214899687],[-73.90949664312318,40.86883115664054],[-73.9089323517538,40.87215734797027],[-73.90746489661895,40.87354735423551],[-73.90624664740828,40.87328737610023],[-73.90614668858372,40.87326020472856]]]]}},{"type":"Feature","properties":{"nta2020":"BX0702","ntaname":"Bedford Park","boroname":"Bronx","ntatype":"0"},"geometry":{"type":"MultiPolygon","coordinates":[[[[-73.8871285059633,40.88281542504534],[-73.88345579262908,40.87605609563839],[-73.88146889596376,40.868573646262234],[-73.89016163568581,40.86347636282298],[-73.8974032314425,40.86747418970997],[-73.89656060531188,40.86856520058654],[-73.89891854209993,40.86965857448607],[-73.89778962182203,40.87085664339794],[-73.89811299430373,40.873110358203924],[-73.90043257838994,40.87498508330718],[-73.89576165504005,40.88231272129901],[-73.88796950580894,40.88289675277772],[-73.8871285059633,40.88281542504534]]]]}},{"type":"Feature","properties":{"nta2020":"BX0703","ntaname":"Norwood","boroname":"Bronx","ntatype":"0"},"geometry":{"type":"MultiPolygon","coordinates":[[[[-73.87083567707624,40.880454115283015],[-73.87015318464638,40.880350828061786],[-73.87160718562494,40.87692157317876],[-73.87518850030095,40.871575757313394],[-73.88309382372141,40.86660218502387],[-73.88362518063289,40.867257588509084],[-73.88146889596376,40.868573646262234],[-73.88345579262908,40.87605609563839],[-73.8871650519898,40.882576511897554],[-73.8870514253612,40.88434957584615],[-73.88124422386927,40.88270963367426],[-73.87803562271968,40.88711832175471],[-73.87812575139316,40.88215368597884],[-73.87470255490281,40.88155382355611],[-73.87494589600867,40.87994766996391],[-73.87187100605315,40.8803281209271],[-73.87083567707624,40.880454115283015]]]]}},{"type":"Feature","properties":{"nta2020":"BX0801","ntaname":"Kingsbridge Heights-Van Cortlandt Village","boroname":"Bronx","ntatype":"0"},"geometry":{"type":"MultiPolygon","coordinates":[[[[-73.8870514253612,40.88434957584615],[-73.8871285059633,40.88281542504534],[-73.89433200202281,40.883008532996946],[-73.89637632140169,40.88182132859696],[-73.90041699327958,40.87511767588837],[-73.89843500010623,40.87375679699451],[-73.8978207846741,40.871960049675955],[-73.89942436099136,40.8678808377156],[-73.90442003077385,40.8703612760002],[-73.9044690132068,40.87241552067772],[-73.90614668858372,40.87326020472856],[-73.90452794019112,40.877064178108505],[-73.89782212315404,40.88507677041931],[-73.8966824301458,40.88596459085393],[-73.88758612454241,40.884255620164225],[-73.8870514253612,40.88434957584615]]]]}},{"type":"Feature","properties":{"nta2020":"BX0802","ntaname":"Kingsbridge-Marble Hill","boroname":"Bronx","ntatype":"0"},"geometry":{"type":"MultiPolygon","coordinates":[[[[-73.89846224408326,40.88947669243995],[-73.89990425479826,40.886559723755184],[-73.89668243014576,40.88596459085393],[-73.90376570190159,40.8785286380556],[-73.90614668858372,40.8732602047286],[-73.90746489661895,40.87354735423551],[-73.9089323517537,40.87215734797027],[-73.9109211787715,40.87414639654183],[-73.915785155056,40.87571694573411],[-73.90967868322763,40.87951458833859],[-73.91049490364858,40.880525278169095],[-73.90285948929848,40.88916474400481],[-73.90086799217603,40.888917553321974],[-73.89801517903408,40.89031454700899],[-73.89846224408326,40.88947669243995]]]]}},{"type":"Feature","properties":{"nta2020":"BX0803","ntaname":"Riverdale-Spuyten Duyvil","boroname":"Bronx","ntatype":"0"},"geometry":{"type":"MultiPolygon","coordinates":[[[[-73.89663333796986,40.91141737534843],[-73.89715717099095,40.899371827346904],[-73.89643170628695,40.89365528042881],[-73.89791462599935,40.89054669300346],[-73.90086799217603,40.888917553321974],[-73.90285948929848,40.88916474400481],[-73.91049490364858,40.880525278169095],[-73.90967868322763,40.87951458833859],[-73.915785155056,40.87571694573411],[-73.91908326224589,40.876064881825535],[-73.92273788199171,40.87890544609759],[-73.92490327384792,40.878888367852795],[-73.9203928019909,40.8876485002271],[-73.91033256782728,40.91553277650231],[-73.89725326354962,40.91165551993882],[-73.89663333796986,40.91141737534843]]]]}},{"type":"Feature","properties":{"nta2020":"BX0901","ntaname":"Soundview-Bruckner-Bronx River","boroname":"Bronx","ntatype":"0"},"geometry":{"type":"MultiPolygon","coordinates":[[[[-73.86272273332911,40.83292068300317],[-73.86366561191583,40.83269532457095],[-73.86264225614394,40.82817014526387],[-73.86067324050327,40.82841898633674],[-73.85970333247572,40.82627734853495],[-73.87356808464364,40.82441984696754],[-73.8724683409405,40.8201500915302],[-73.88098029527114,40.81823562312675],[-73.88244779486648,40.81926832301358],[-73.88464450546032,40.823814274202775],[-73.88390094722517,40.82980281690994],[-73.88005188415067,40.83470205920019],[-73.8767332333955,40.83620561805411],[-73.87392818006091,40.83599031261785],[-73.87283453773911,40.839754863891976],[-73.86920766815935,40.839600047213814],[-73.8644801165161,40.841087797386244],[-73.86272700567989,40.8330722222157],[-73.86272273332911,40.83292068300317]]]]}},{"type":"Feature","properties":{"nta2020":"BX0902","ntaname":"Soundview-Clason Point","boroname":"Bronx","ntatype":"0"},"geometry":{"type":"MultiPolygon","coordinates":[[[[-73.8457656170211,40.81158227934471],[-73.84719684509648,40.810580487614345],[-73.85060246203848,40.81393020004222],[-73.85531511723788,40.81441214118403],[-73.84921243763631,40.81238419953777],[-73.84996696802818,40.80857801884382],[-73.84876007745984,40.80833745779323],[-73.84952218256736,40.80805527772038],[-73.8474882264191,40.805448909149334],[-73.85407120427061,40.804457462419606],[-73.85812705699665,40.80546652055204],[-73.8593660233232,40.80667568320798],[-73.85838996228814,40.80825880914896],[-73.85895141221778,40.8102714175867],[-73.86012695169545,40.80960549938806],[-73.85940147924659,40.80816510237676],[-73.86023625449634,40.809450277613294],[-73.86228604450467,40.80994591122593],[-73.86111126635217,40.811150154574584],[-73.86435846390738,40.813008915112185],[-73.86462322724348,40.81422251568705],[-73.86890864849238,40.815116617187044],[-73.87145992743001,40.82472020883828],[-73.85635677410309,40.82675208646264],[-73.85362025249152,40.816088386202004],[-73.85163543224938,40.81635918918099],[-73.85092659315521,40.814335960507314],[-73.84705382007239,40.8148264696033],[-73.84632411861651,40.811687423568785],[-73.8457656170211,40.81158227934471]]]]}},{"type":"Feature","properties":{"nta2020":"BX0903","ntaname":"Castle Hill-Unionport","boroname":"Bronx","ntatype":"0"},"geometry":{"type":"MultiPolygon","coordinates":[[[[-73.83596714090677,40.81988410669281],[-73.83696692423608,40.816366657719605],[-73.83974355899653,40.816406071502385],[-73.83888231646733,40.82214048985618],[-73.84229237322884,40.82869980753232],[-73.83701656738135,40.82905341019239],[-73.83597444188254,40.82033945125061],[-73.83596714090677,40.81988410669281]]],[[[-73.84823198229235,40.833427124010306],[-73.84727881581283,40.829314745684094],[-73.84291548074067,40.82862246917889],[-73.83982926241688,40.821571501496216],[-73.83999860407422,40.81993494681325],[-73.84198684767891,40.818774373907466],[-73.84576561702106,40.81158227934476],[-73.84705382007228,40.8148264696033],[-73.85092659315511,40.814335960507314],[-73.85163543224938,40.81635918918103],[-73.85362025249141,40.816088386202004],[-73.85635677410303,40.82675208646264],[-73.85970333247572,40.82627734853495],[-73.86067324050317,40.82841898633674],[-73.86264225614394,40.828170145263904],[-73.86366561191578,40.83269532457095],[-73.84848615207768,40.834524495833705],[-73.84831390724553,40.83378071280778],[-73.84823198229235,40.833427124010306]]]]}},{"type":"Feature","properties":{"nta2020":"BX0904","ntaname":"Parkchester","boroname":"Bronx","ntatype":"0"},"geometry":{"type":"MultiPolygon","coordinates":[[[[-73.85168459659603,40.83420105234935],[-73.86272273332911,40.83292068300317],[-73.8644801165161,40.841087797386244],[-73.85333524942047,40.84247015515494],[-73.85185868635892,40.83477774756863],[-73.85168459659603,40.83420105234935]]]]}},{"type":"Feature","properties":{"nta2020":"BX0991","ntaname":"Soundview Park","boroname":"Bronx","ntatype":"9"},"geometry":{"type":"MultiPolygon","coordinates":[[[[-73.86228604450467,40.80994591122593],[-73.86765646284466,40.810583761937345],[-73.8707780488584,40.81448689599054],[-73.87806283107774,40.816182632442626],[-73.88098029527114,40.81823562312675],[-73.8724683409405,40.8201500915302],[-73.87356808464364,40.82441984696754],[-73.87145992743001,40.82472020883828],[-73.8695448022987,40.81609475381415],[-73.86818218377903,40.81480771851262],[-73.86462322724348,40.81422251568705],[-73.86435846390738,40.813008915112185],[-73.86111126635217,40.811150154574584],[-73.86206973095044,40.81015336744175],[-73.86228604450467,40.80994591122593]]]]}},{"type":"Feature","properties":{"nta2020":"BX1001","ntaname":"Westchester Square","boroname":"Bronx","ntatype":"0"},"geometry":{"type":"MultiPolygon","coordinates":[[[[-73.84161375544262,40.84057562579085],[-73.83936794250523,40.84088297398455],[-73.8403028253707,40.839524314447786],[-73.83941220244711,40.834600065106656],[-73.84275884293768,40.830818484142995],[-73.84291548074067,40.82862246917889],[-73.84532022453944,40.828426538815776],[-73.84727881581283,40.829314745684094],[-73.84848615207768,40.834524495833705],[-73.85168459659597,40.83420105234935],[-73.85333524942047,40.84247015515494],[-73.84806345327976,40.84306799865136],[-73.84623479939151,40.844490217803454],[-73.847884919531,40.84598898052518],[-73.84488576358358,40.850202725464236],[-73.84491034100746,40.84542746141717],[-73.841698226768,40.8405835640839],[-73.84161375544262,40.84057562579085]]]]}},{"type":"Feature","properties":{"nta2020":"BX1002","ntaname":"Throgs Neck-Schuylerville","boroname":"Bronx","ntatype":"0"},"geometry":{"type":"MultiPolygon","coordinates":[[[[-73.82596550346842,40.84032613799989],[-73.82601252570736,40.834020778205506],[-73.81552500922363,40.835976307428766],[-73.8160119668146,40.83398080521098],[-73.81476387691815,40.830816800496265],[-73.81389783360487,40.83090755415845],[-73.81451016521439,40.83061404705133],[-73.81275469994516,40.82824823625153],[-73.80992515916773,40.82817971198707],[-73.81384974858679,40.826803529132455],[-73.81291776131222,40.82635038912083],[-73.81379523517661,40.82529808600175],[-73.81211350556435,40.825552634659516],[-73.81388934710678,40.82408736743081],[-73.80766604765233,40.82589699205927],[-73.80451800415726,40.818927687513074],[-73.79759032777474,40.81650753156775],[-73.79738112573526,40.81576350489581],[-73.79902816314,40.81554113493885],[-73.80140380968845,40.8123633086587],[-73.80361424976927,40.81252311416324],[-73.80435810280545,40.81360853867307],[-73.80322449300479,40.81335858052028],[-73.80453081609834,40.81425461992452],[-73.80351667337368,40.8139519636488],[-73.80704600153508,40.816533693875506],[-73.80496336521072,40.812163958656555],[-73.80235340278853,40.81003705946174],[-73.80101172843698,40.81071339964633],[-73.80146670007328,40.81014171796329],[-73.79228907337423,40.80684900557966],[-73.79086475738721,40.80734113943563],[-73.79028410874012,40.80481710419159],[-73.7933898228672,40.80420433003646],[-73.80159393169578,40.80898635372138],[-73.80392673417204,40.80852797081189],[-73.810164771254,40.812987973839306],[-73.81449994116008,40.81290828760471],[-73.81648015546806,40.81385323187898],[-73.8263078460309,40.8112841222068],[-73.82841397073399,40.814875147706914],[-73.82317237375129,40.81667961383229],[-73.8267166142165,40.82181857635124],[-73.82832921538726,40.82104039191178],[-73.82945920735152,40.82237711050037],[-73.82464427913193,40.82476385129356],[-73.83701656738135,40.82905341019239],[-73.84233077410983,40.829073962955555],[-73.83888164699847,40.83360115423376],[-73.83956700266877,40.840547227886674],[-73.83762124147182,40.84028356682357],[-73.83682639764969,40.84346244676611],[-73.83043186269853,40.84385798362894],[-73.82611300556735,40.84533869376915],[-73.82598686829098,40.840675752385785],[-73.82596550346842,40.84032613799989]]]]}},{"type":"Feature","properties":{"nta2020":"BX1003","ntaname":"Pelham Bay-Country Club-City Island","boroname":"Bronx","ntatype":"0"},"geometry":{"type":"MultiPolygon","coordinates":[[[[-73.78833349834372,40.83466713026211],[-73.78931223606466,40.834464887056185],[-73.78951019872315,40.835364042525896],[-73.78845699948884,40.83530991481694],[-73.78833349834372,40.83466713026211]]],[[[-73.8156337811069,40.848183122394374],[-73.81602685115186,40.846400457765036],[-73.81356372861671,40.84715141127868],[-73.81502627604162,40.84549999556117],[-73.81318865072643,40.84622953597282],[-73.81403198219381,40.84558929786809],[-73.81325997724694,40.84523399045836],[-73.81284939958523,40.84631879949846],[-73.81287703597569,40.84513466794604],[-73.81227790834322,40.84654345827833],[-73.81254457815471,40.84497959851104],[-73.81243625060675,40.84673771207574],[-73.81169971823518,40.846681701316385],[-73.81266141349053,40.84420764950098],[-73.81254909054671,40.84495227464261],[-73.81416729043147,40.84478090603216],[-73.81347956591408,40.8436511193518],[-73.81823722746202,40.844355041712824],[-73.81662677325095,40.84394489856042],[-73.8147334581754,40.84137572831102],[-73.81430900133549,40.839622416882],[-73.81628378113194,40.83823082908735],[-73.81606068234538,40.83603019695964],[-73.82601252570736,40.83402077820548],[-73.8262413284368,40.84299359414358],[-73.8251799893859,40.84270005947733],[-73.82495697574903,40.84610544480085],[-73.82048405462841,40.84850102613052],[-73.81514191918522,40.849080613237774],[-73.81553003600781,40.8482992764011],[-73.8156337811069,40.848183122394374]]],[[[-73.83582911341293,40.843471294693344],[-73.83682639764963,40.84346244676608],[-73.83463970149687,40.85381799426279],[-73.8286019701075,40.855717848095146],[-73.82720400243912,40.853289984425956],[-73.82799994448251,40.84863235104752],[-73.82611300556735,40.84533869376915],[-73.83474813335305,40.84350280843435],[-73.83582911341293,40.843471294693344]]],[[[-73.78922202961881,40.8587425155315],[-73.7880283070167,40.85751468178645],[-73.78877898544022,40.85740092519983],[-73.78847732653362,40.85440052053236],[-73.78734753146585,40.8543858849571],[-73.78834514784097,40.8541320123503],[-73.78690734702697,40.85406397229935],[-73.78800064949667,40.8535246363282],[-73.78588186506653,40.85178867244104],[-73.78338158610394,40.85158673391453],[-73.78460077697608,40.85109569219537],[-73.78420047134387,40.85006064424078],[-73.7830353553807,40.849071907625465],[-73.78154449088599,40.84940043464348],[-73.78267467079046,40.8481396719416],[-73.78097820938956,40.84845834791372],[-73.78263740397894,40.84807264924598],[-73.78148431950562,40.84788219384882],[-73.78216393435416,40.846636338283574],[-73.7804032695843,40.84693113466882],[-73.78251345116695,40.84640877205391],[-73.7831464422737,40.8453099420262],[-73.78181646104312,40.845764978051164],[-73.78306023126584,40.8450857085672],[-73.78181535900454,40.84548058288049],[-73.78336536135346,40.844444722981876],[-73.78348428748818,40.84367854599862],[-73.78052736048546,40.84452514033834],[-73.77992703744272,40.843883081858586],[-73.78347481249254,40.8436547381099],[-73.78288778301486,40.84249482884979],[-73.7802955253207,40.842973044894116],[-73.78022773872516,40.843778181800474],[-73.78022662418412,40.84288326793048],[-73.78286499304919,40.84247810188288],[-73.78059735822595,40.84278659994118],[-73.78236855953504,40.84242849314983],[-73.78144003107849,40.842142133493596],[-73.78216624418963,40.841689144110276],[-73.78019599955121,40.8420462114789],[-73.78185048197783,40.84165394639447],[-73.78079752923459,40.84125614604855],[-73.7816485529559,40.84109776352898],[-73.78113875725964,40.839494278801894],[-73.78282260139738,40.83633815588806],[-73.78583067897951,40.837209980003486],[-73.78516584428664,40.837471334061945],[-73.7857350929869,40.839234231776],[-73.78815921166516,40.84049077856722],[-73.78761237716417,40.84119800529479],[-73.78905825501366,40.84323533177022],[-73.78993093388252,40.84304226436384],[-73.78947182214253,40.844292977849655],[-73.79179343625613,40.846731671826895],[-73.7910136233899,40.848985209716986],[-73.78975711070451,40.84953146979038],[-73.79098877124962,40.84982834852718],[-73.7898663031397,40.8499893896982],[-73.78956272464042,40.85148733732484],[-73.79098717984141,40.8512640158018],[-73.78966490344519,40.85150038213228],[-73.79089217930074,40.85154690354906],[-73.7901550926101,40.852251285235994],[-73.79249450978072,40.85155072509289],[-73.79017007126143,40.85228066165614],[-73.79311837183837,40.851578295241],[-73.79138052695524,40.85260203830493],[-73.79350762831913,40.852264043925004],[-73.79042053780171,40.85302297821269],[-73.79281511966929,40.85249481930906],[-73.7908075866374,40.85319906006325],[-73.79287610048588,40.85294418132863],[-73.79105721254831,40.853918412426836],[-73.79245816778624,40.8536007087539],[-73.79107002765953,40.8539449566648],[-73.79253714605024,40.85384932731049],[-73.79129282160805,40.85458402547443],[-73.79250306685451,40.8557886661372],[-73.79190183340098,40.85654691187076],[-73.79309492152372,40.856686441404285],[-73.79170704257521,40.85685184235265],[-73.79288403888899,40.85747920249383],[-73.79185978715215,40.857004107259584],[-73.79239521723282,40.85784554775234],[-73.79184303217399,40.85702870201153],[-73.79094202260372,40.857552748189],[-73.79143695907953,40.85815468562582],[-73.79093222800749,40.85756778747071],[-73.7892580455076,40.85876521594935],[-73.78922202961881,40.8587425155315]]],[[[-73.78457451654576,40.86053199775851],[-73.78514017041906,40.85879261197568],[-73.78773372273308,40.85877099208082],[-73.78700130484454,40.86022438891428],[-73.78462787304375,40.86052971484859],[-73.78457451654576,40.86053199775851]]]]}},{"type":"Feature","properties":{"nta2020":"BX1004","ntaname":"Co-op City","boroname":"Bronx","ntatype":"0"},"geometry":{"type":"MultiPolygon","coordinates":[[[[-73.82023958327838,40.88549105235241],[-73.82005445513154,40.88211412906771],[-73.82329599275981,40.873097418177096],[-73.82126543671284,40.86907454348972],[-73.81578763977815,40.86575806143744],[-73.81992161730682,40.86177537338834],[-73.82721769385084,40.8592065770412],[-73.83369344270922,40.87045088808063],[-73.83469378675207,40.87654394898381],[-73.83245983015962,40.880207138608654],[-73.82606308664148,40.88415283671794],[-73.82661159041322,40.88464924486938],[-73.82191773374547,40.88612623777766],[-73.82064930852073,40.88538245972677],[-73.82023958327838,40.88549105235241]]]]}},{"type":"Feature","properties":{"nta2020":"BX1071","ntaname":"Hart Island","boroname":"Bronx","ntatype":"7"},"geometry":{"type":"MultiPolygon","coordinates":[[[[-73.78068945291426,40.85492880743347],[-73.78123322636365,40.85539866864936],[-73.78064667133096,40.85503344708464],[-73.78068945291426,40.85492880743347]]],[[[-73.78285213100564,40.855485804805284],[-73.78259711592077,40.85482256046909],[-73.78385861912027,40.85483156741573],[-73.78305970285956,40.85570846621752],[-73.78285213100564,40.855485804805284]]],[[[-73.76783205636991,40.854442206244784],[-73.76938529139699,40.85253613399698],[-73.76860817687101,40.85078839537827],[-73.76959674311296,40.84759451960096],[-73.76789492673004,40.84528943251465],[-73.76901389181124,40.84509734272204],[-73.77157218833071,40.8475000590831],[-73.77088920221003,40.84975177184075],[-73.77296356611288,40.85215925395875],[-73.7717306041191,40.8524768313193],[-73.77296285334873,40.853800062246656],[-73.77214036841646,40.85441271310332],[-73.77219222989055,40.859986639098395],[-73.76947305423839,40.8593301371713],[-73.76533243929102,40.85504359512371],[-73.76783205636991,40.854442206244784]]]]}},{"type":"Feature","properties":{"nta2020":"BX1091","ntaname":"Ferry Point Park-St. Raymond Cemetery","boroname":"Bronx","ntatype":"9"},"geometry":{"type":"MultiPolygon","coordinates":[[[[-73.83181486848328,40.82688501825409],[-73.82464427913193,40.82476385129356],[-73.82945920735152,40.82237711050037],[-73.82832921538726,40.82104039191178],[-73.8267166142165,40.82181857635124],[-73.82317237375129,40.81667961383229],[-73.82841397073399,40.814875147706914],[-73.82630784680268,40.811284122207944],[-73.82898030019118,40.811313585880654],[-73.83124330198694,40.81000298699277],[-73.83220604584382,40.807944660977505],[-73.83139548735873,40.80517070755737],[-73.83248411929212,40.804942802631004],[-73.83743611993722,40.80620264267889],[-73.84043199540832,40.81254112873967],[-73.83974355855477,40.816406071836845],[-73.83696692423608,40.816366657719605],[-73.83639638570256,40.81889136665132],[-73.83604247482336,40.81778261209739],[-73.83683220352492,40.82844144222098],[-73.83185789414986,40.82690230803425],[-73.83181486848328,40.82688501825409]]]]}},{"type":"Feature","properties":{"nta2020":"BX1101","ntaname":"Pelham Parkway-Van Nest","boroname":"Bronx","ntatype":"0"},"geometry":{"type":"MultiPolygon","coordinates":[[[[-73.86179069374845,40.85798290436403],[-73.86211953830568,40.85080617644738],[-73.86303938073125,40.85061130723248],[-73.86250923687304,40.8483622811716],[-73.86038660402573,40.848235571529656],[-73.85738111355268,40.84371626616853],[-73.85333524942047,40.84247015515494],[-73.86347232312892,40.84130593270664],[-73.86920766815935,40.839600047213814],[-73.87359713479324,40.83979855643703],[-73.87099518067323,40.843111392043916],[-73.86804200325662,40.84481383930633],[-73.86892652627044,40.84688174060916],[-73.86785992927581,40.84886493189031],[-73.86920944569769,40.84923837337521],[-73.86825077674393,40.85095958673138],[-73.86988842220566,40.85597106815491],[-73.86818830404283,40.858063834309256],[-73.8628778428667,40.85795359102241],[-73.86179069374845,40.85798290436403]]]]}},{"type":"Feature","properties":{"nta2020":"BX1102","ntaname":"Morris Park","boroname":"Bronx","ntatype":"0"},"geometry":{"type":"MultiPolygon","coordinates":[[[[-73.83681918460869,40.85727680959649],[-73.83523962183261,40.85649323538413],[-73.84050192220052,40.85418698691174],[-73.84494053664359,40.84821822152069],[-73.84488576358358,40.8502027254642],[-73.84788491953104,40.84598898052514],[-73.84623479939157,40.844490217803454],[-73.84806345327982,40.84306799865136],[-73.85333524942047,40.84247015515494],[-73.85738111355268,40.84371626616853],[-73.86038660402573,40.848235571529656],[-73.86250923687304,40.8483622811716],[-73.86303938073125,40.85061130723248],[-73.86211953830568,40.85080617644738],[-73.86179069374845,40.85798290436403],[-73.84739746975032,40.85868254585616],[-73.83724088964523,40.85735732287755],[-73.83681918460869,40.85727680959649]]]]}},{"type":"Feature","properties":{"nta2020":"BX1103","ntaname":"Pelham Gardens","boroname":"Bronx","ntatype":"0"},"geometry":{"type":"MultiPolygon","coordinates":[[[[-73.8536363872702,40.87330059920912],[-73.84859676002684,40.87167078513566],[-73.82840758909647,40.860948301200125],[-73.83681918460869,40.85727680959649],[-73.84739746975032,40.85868254585616],[-73.85663664014868,40.85811529395551],[-73.85961281182996,40.865512718615136],[-73.85867298096294,40.865494958216686],[-73.85848731634543,40.87128406011891],[-73.85661382450314,40.87125016748486],[-73.85651292255208,40.87421779315791],[-73.85450805000416,40.87358094249659],[-73.8536363872702,40.87330059920912]]]]}},{"type":"Feature","properties":{"nta2020":"BX1104","ntaname":"Allerton","boroname":"Bronx","ntatype":"0"},"geometry":{"type":"MultiPolygon","coordinates":[[[[-73.85848731634543,40.87128406011891],[-73.85867298096294,40.865494958216686],[-73.85961281182996,40.865512718615136],[-73.85663664014868,40.85811529395551],[-73.87104944936009,40.857304838162364],[-73.87053738586062,40.86967403208248],[-73.86432616493701,40.86965632371706],[-73.86426604390132,40.87138965023632],[-73.85942680389238,40.87130069674337],[-73.85848731634543,40.87128406011891]]]]}},{"type":"Feature","properties":{"nta2020":"BX1161","ntaname":"Hutchinson Metro Center","boroname":"Bronx","ntatype":"6"},"geometry":{"type":"MultiPolygon","coordinates":[[[[-73.83129157639193,40.85543410585364],[-73.8340823195588,40.85436264086574],[-73.83533589012133,40.85255469879205],[-73.83762124147187,40.84028356682354],[-73.84201827883615,40.84065827887775],[-73.8449103410075,40.84542746141711],[-73.84494053664359,40.84821822152069],[-73.8414916322777,40.85319428630851],[-73.83523962183261,40.85649323538413],[-73.83681918460869,40.85727680959649],[-73.82855352603573,40.86075450706556],[-73.83285111160752,40.85608915212235],[-73.83139737031748,40.855448981982796],[-73.83129157639193,40.85543410585364]]]]}},{"type":"Feature","properties":{"nta2020":"BX1201","ntaname":"Williamsbridge-Olinville","boroname":"Bronx","ntatype":"0"},"geometry":{"type":"MultiPolygon","coordinates":[[[[-73.84744396752198,40.88697853116563],[-73.85248305745532,40.87946370504011],[-73.85091896017336,40.87789344063441],[-73.85254854030978,40.877091586763704],[-73.85068955598965,40.87548667888787],[-73.8536363872702,40.87330059920912],[-73.85651292255208,40.87421779315791],[-73.85661382450314,40.87125016748486],[-73.86426604390132,40.87138965023632],[-73.86432616493701,40.86965632371706],[-73.87053738586062,40.86967403208248],[-73.869361486625,40.87811174632339],[-73.87094414681728,40.87850969608353],[-73.87015318464638,40.880350828061786],[-73.87083567707624,40.880454115283015],[-73.86355915622757,40.89537701770613],[-73.861359278643,40.89466231935567],[-73.86273972099802,40.8918388928246],[-73.85027165916289,40.887880838148085],[-73.84744396752198,40.88697853116563]]]]}},{"type":"Feature","properties":{"nta2020":"BX1202","ntaname":"Eastchester-Edenwald-Baychester","boroname":"Bronx","ntatype":"0"},"geometry":{"type":"MultiPolygon","coordinates":[[[[-73.79322870882001,40.88282259590981],[-73.80520113603046,40.885999956853716],[-73.81276886793779,40.886683973781075],[-73.82081880223967,40.885343317439734],[-73.82205817252984,40.88610821918949],[-73.82661159041312,40.884649244869415],[-73.82606308664143,40.88415283671794],[-73.83245983015956,40.8802071386087],[-73.834840983582,40.875792926458715],[-73.83433720992757,40.87202702303185],[-73.82955552272446,40.862163211186704],[-73.85363638727009,40.87330059920912],[-73.85068955598965,40.87548667888787],[-73.85254854030967,40.87709158676373],[-73.8509189601733,40.87789344063441],[-73.85248305745532,40.87946370504015],[-73.84590568479918,40.88974136988266],[-73.85069084014877,40.89130277212739],[-73.83804277219701,40.89414233138703],[-73.82252377578457,40.88942882441799],[-73.8233744303617,40.88992176243488],[-73.82285334940228,40.891206829094344],[-73.79300652560885,40.883358737381556],[-73.79322870882001,40.88282259590981]]]]}},{"type":"Feature","properties":{"nta2020":"BX1203","ntaname":"Wakefield-Woodlawn","boroname":"Bronx","ntatype":"0"},"geometry":{"type":"MultiPolygon","coordinates":[[[[-73.85107116095503,40.91037152022097],[-73.85347522267351,40.907530293525184],[-73.8509205929659,40.90661649448888],[-73.85017317419612,40.90750786564983],[-73.84481886918655,40.90552995017652],[-73.84489264842898,40.90419086729802],[-73.84138689238422,40.904172741533245],[-73.83918285439722,40.89924987722261],[-73.83964812680534,40.897330535338995],[-73.83839199057287,40.894067008047344],[-73.85069084014889,40.89130277212733],[-73.84590568479933,40.88974136988266],[-73.84744396752198,40.88697853116563],[-73.86273972099802,40.8918388928246],[-73.861359278643,40.89466231935567],[-73.86401637607858,40.89552304811614],[-73.87048672487636,40.89664021168233],[-73.8771197401737,40.89546866431286],[-73.87521979614155,40.89814776521496],[-73.86789798496261,40.90294017690395],[-73.85946778634425,40.90051720976883],[-73.85886401228039,40.901711695048654],[-73.85957882881917,40.902440843273325],[-73.8581599991654,40.90230571020182],[-73.85717765921405,40.90528654165973],[-73.8560102332303,40.90530598362625],[-73.85681013550217,40.90615582832508],[-73.85374103564406,40.90778791723747],[-73.85471078184983,40.90800631044377],[-73.85458940455754,40.90893949929683],[-73.85144753902692,40.910449671704676],[-73.85107116095503,40.91037152022097]]]]}},{"type":"Feature","properties":{"nta2020":"BX1271","ntaname":"Woodlawn Cemetery","boroname":"Bronx","ntatype":"7"},"geometry":{"type":"MultiPolygon","coordinates":[[[[-73.87406751205074,40.88003890679416],[-73.87494589600867,40.87994766996391],[-73.87470255490281,40.88155382355611],[-73.87812575139306,40.88215368597884],[-73.87783125837879,40.88677276068347],[-73.88035939618034,40.89255227003377],[-73.88004213058953,40.895222285256786],[-73.87048672487626,40.89664021168233],[-73.86355915622681,40.89537701804125],[-73.87083567707624,40.880454115283015],[-73.87307334468392,40.880134385859485],[-73.87406751205074,40.88003890679416]]]]}},{"type":"Feature","properties":{"nta2020":"BX2691","ntaname":"Van Cortlandt Park","boroname":"Bronx","ntatype":"9"},"geometry":{"type":"MultiPolygon","coordinates":[[[[-73.86789798496261,40.90294017690395],[-73.87521979614155,40.89814776521496],[-73.8771197401737,40.89546866431286],[-73.88004213058963,40.895222285256786],[-73.88035939618038,40.892552270033796],[-73.87800479957595,40.88733717590619],[-73.88124422386927,40.88270963367426],[-73.8999042547984,40.88655972375519],[-73.89643170628695,40.893655280428774],[-73.89715717099095,40.899371827346904],[-73.8966333379699,40.91141737534843],[-73.87095251952437,40.903850252715],[-73.86789798496261,40.90294017690395]]]]}},{"type":"Feature","properties":{"nta2020":"BX2791","ntaname":"Bronx Park","boroname":"Bronx","ntatype":"9"},"geometry":{"type":"MultiPolygon","coordinates":[[[[-73.87053738586062,40.86967403208248],[-73.87108262512692,40.85737704063793],[-73.86841539629643,40.85778035864567],[-73.86990421436151,40.8557732933625],[-73.86825077674393,40.85095958673138],[-73.86987431101255,40.846617458088176],[-73.87459175304606,40.84152064753811],[-73.87817546826224,40.84261769654637],[-73.87733907150002,40.84399175505718],[-73.88311982437547,40.84822109237876],[-73.88050547956449,40.86047756186843],[-73.8839692220123,40.86481774197266],[-73.88309382372141,40.86660218502387],[-73.87619257483897,40.870476957203095],[-73.87094414681728,40.87850969608353],[-73.869361486625,40.87811174632339],[-73.87056192370083,40.871510778954736],[-73.87053738586062,40.86967403208248]]]]}},{"type":"Feature","properties":{"nta2020":"BX2891","ntaname":"Pelham Bay Park","boroname":"Bronx","ntatype":"9"},"geometry":{"type":"MultiPolygon","coordinates":[[[[-73.80222295355102,40.84163481364685],[-73.8069460864188,40.84146244618143],[-73.80680801372397,40.8424891399877],[-73.80367560026521,40.842258492916194],[-73.80222295355102,40.84163481364685]]],[[[-73.77326219947474,40.86063061231969],[-73.77339678448094,40.86073948467888],[-73.77333634590616,40.86085386036116],[-73.77321845470054,40.86079446335444],[-73.77326219947474,40.86063061231969]]],[[[-73.77513782667951,40.86118467585098],[-73.77516742171437,40.86117626788395],[-73.77519080850668,40.861180689507464],[-73.77521233827294,40.86118550286405],[-73.77523206568029,40.86119235649431],[-73.77525088505637,40.861202617626475],[-73.77526521436943,40.861212869004824],[-73.77527954829246,40.86122175741775],[-73.77529297955296,40.8612320077135],[-73.77530191604008,40.861244294383205],[-73.77530545442808,40.86125997797114],[-73.7753054060716,40.8612742904288],[-73.77530443892405,40.861294737153905],[-73.77530528862722,40.861309051360394],[-73.77530522414766,40.86132813586555],[-73.77530517118274,40.8613438122917],[-73.77530333360798,40.86135607814615],[-73.77529520995593,40.86136901240699],[-73.77529156793062,40.861384000189396],[-73.77527711881743,40.86140919038975],[-73.77527704511634,40.86143100149168],[-73.77527340232487,40.86144667092562],[-73.77525273004814,40.86145344686265],[-73.7752311396364,40.86146635488614],[-73.77522481965403,40.861477247861686],[-73.77519783801257,40.86149150851596],[-73.77518699402977,40.86151261714633],[-73.77517525592435,40.86153236055827],[-73.77516262896701,40.8615493756219],[-73.77515720845145,40.86155958852513],[-73.77515266437108,40.86157593869001],[-73.77513862733318,40.86159428114081],[-73.77493188967397,40.86155230286426],[-73.7749292897556,40.86152574613033],[-73.77492845924615,40.861505979231325],[-73.7749294281556,40.86148485136217],[-73.77492858842464,40.86146780938494],[-73.77492862302205,40.86145758648855],[-73.77492685249409,40.86145008517828],[-73.77492058397516,40.861445301540996],[-73.7749179068177,40.861440525914674],[-73.77491794834289,40.86142825656266],[-73.77492784743957,40.861421459670694],[-73.7749287867994,40.86140919324277],[-73.77493509683526,40.86140170819761],[-73.7749432115575,40.86139149988969],[-73.77495940759927,40.861380626192435],[-73.77497201524407,40.86136906384051],[-73.7749854888804,40.86136704532404],[-73.77500438446646,40.86135413142116],[-73.7750133716455,40.861351423001246],[-73.77502326610856,40.86134598956703],[-73.77503944137759,40.861341249696956],[-73.77505473165346,40.86133310083533],[-73.77506102234324,40.861331068305766],[-73.77507096158146,40.861312002716616],[-73.77508178153313,40.861298392408806],[-73.77510007843571,40.86128378449643],[-73.77510436129405,40.8612582220323],[-73.77510711703833,40.86123982526408],[-73.77510807711035,40.86122142332042],[-73.77511532368446,40.86120235348377],[-73.77512255324152,40.86118805401744],[-73.77513782667951,40.86118467585098]]],[[[-73.77460156350928,40.862069047459904],[-73.77458187384889,40.86204989320594],[-73.77457833789663,40.862033528953944],[-73.7745703265684,40.86201306519803],[-73.77457307831446,40.861996030906674],[-73.77457403579132,40.86197831128832],[-73.77457410741017,40.86195718267576],[-73.77458855460155,40.86193267320996],[-73.7745975950102,40.86191428772841],[-73.77461024990018,40.86188909394228],[-73.7746247132328,40.86185981326216],[-73.77462479638447,40.86183527673802],[-73.77463383677043,40.8618168910858],[-73.77465542355712,40.86180466498863],[-73.77466831042591,40.86179715209509],[-73.77468958271041,40.861791780612684],[-73.77471472524364,40.86179046656755],[-73.77473987425815,40.86178710840605],[-73.7747565753446,40.86178432360477],[-73.77477365060402,40.861783637643235],[-73.774790645528,40.861785068780435],[-73.77480710774692,40.861788578922294],[-73.77482259907002,40.861794074636116],[-73.77483670714956,40.86180140963723],[-73.77484905645683,40.861810388682784],[-73.77485931827752,40.86182077276893],[-73.77486721946177,40.861832285492135],[-73.77487254969448,40.86184462040682],[-73.77486709592296,40.861864376048345],[-73.77486614039287,40.86188141385183],[-73.7748768606068,40.8618971114645],[-73.77487680292438,40.86191415152234],[-73.77487587189495,40.86192369135012],[-73.7748685983639,40.86195094146415],[-73.77486136712596,40.86196524057461],[-73.77485681624572,40.8619836348371],[-73.7748370177701,40.861997909422605],[-73.7748091371018,40.8620121685658],[-73.77478574578609,40.86202711778391],[-73.77477043454246,40.86204140094907],[-73.77474885077193,40.862052264100875],[-73.77472549251449,40.862056989905824],[-73.7747084235979,40.862060364511784],[-73.7746796809878,40.86206439847519],[-73.77466262361392,40.862064365163484],[-73.7746446734524,40.86206296663056],[-73.77462582015954,40.86206292980569],[-73.77460156350928,40.862069047459904]]],[[[-73.78312589594313,40.862856167803436],[-73.7831450428813,40.86206867890583],[-73.78316714445815,40.862861217092394],[-73.78312589594313,40.862856167803436]]],[[[-73.78401249138903,40.86313199407458],[-73.78469165850865,40.8625427894058],[-73.7840444168679,40.8631401398599],[-73.78401249138903,40.86313199407458]]],[[[-73.7696354462226,40.86554256158247],[-73.76994076930318,40.865523409496824],[-73.76977692751318,40.865686558401286],[-73.76944774766791,40.86576135090618],[-73.7696354462226,40.86554256158247]]],[[[-73.76692046625034,40.867049555851395],[-73.76722845921702,40.86692866738869],[-73.767123805844,40.867238188474154],[-73.76668098944072,40.867320684140125],[-73.76692046625034,40.867049555851395]]],[[[-73.77171762410423,40.871621189025475],[-73.77263488154172,40.87188020876713],[-73.77084864464895,40.87162776297062],[-73.77171762410423,40.871621189025475]]],[[[-73.77483042528307,40.87402873693773],[-73.77493941015999,40.87391868554238],[-73.77504980563741,40.87393771901346],[-73.77509862320491,40.87402878399639],[-73.77508889969181,40.87416568065063],[-73.7750590679846,40.874308225690335],[-73.77511836278042,40.87438834333138],[-73.77513690028402,40.87455444694521],[-73.77478072897502,40.87476726816259],[-73.77467379676929,40.87479055741012],[-73.77464371400133,40.87470931203768],[-73.77470462612145,40.87457977349043],[-73.77451430822411,40.874498184994614],[-73.77454436853722,40.87428631103689],[-73.77475466547452,40.87415772525105],[-73.77483042528307,40.87402873693773]]],[[[-73.78194122869088,40.87521595072236],[-73.78259880880877,40.87468739667811],[-73.78198145063364,40.87522744509824],[-73.78194122869088,40.87521595072236]]],[[[-73.78190181531936,40.8764193657248],[-73.78183290468685,40.876408769296084],[-73.78179773906247,40.87642868363669],[-73.78176021388684,40.87640387419745],[-73.78166863791294,40.876423681809264],[-73.78165999841056,40.87638275144584],[-73.78171693216893,40.87622300718711],[-73.78171955268925,40.87618875884574],[-73.78177336128749,40.87621740488352],[-73.78179836669621,40.87623743416275],[-73.78179445559009,40.876283098110434],[-73.78186713755655,40.87629084810115],[-73.78191605407315,40.87628237710011],[-73.78197133438994,40.87624442145713],[-73.78201774657154,40.87623499381492],[-73.78206787963717,40.87623794342748],[-73.78210659272455,40.87628273700769],[-73.78210648670654,40.87631508804631],[-73.78215525980896,40.8763503852865],[-73.78217460499619,40.87640200017759],[-73.78220080379837,40.876434202682404],[-73.78210634442799,40.87652336984481],[-73.78198939823828,40.876469960543325],[-73.78190181531936,40.8764193657248]]],[[[-73.78129458150852,40.875944902403],[-73.78142242881403,40.875766338901634],[-73.78146273943972,40.87585890111518],[-73.78147321282499,40.87596784821425],[-73.78151357091774,40.87604602393967],[-73.78149444248601,40.87609942376825],[-73.7813994979628,40.876152680509705],[-73.78136415592812,40.87619577289311],[-73.78138017887291,40.87626362584663],[-73.78143445960553,40.8764031473165],[-73.78139551937315,40.87653905698293],[-73.78133750338749,40.8765787239433],[-73.78120581313027,40.87659007884916],[-73.78120902883688,40.87643594201202],[-73.78120684111484,40.87627768407511],[-73.78123140006903,40.876220184073546],[-73.7812398408575,40.876123604193836],[-73.78130514927116,40.87602507641416],[-73.78129458150852,40.875944902403]]],[[[-73.78352831439575,40.87724086715855],[-73.78384032438835,40.876519766758555],[-73.78344706652956,40.87741286017179],[-73.78352831439575,40.87724086715855]]],[[[-73.78525134670222,40.87990880356431],[-73.78521002400778,40.87989695364933],[-73.7851771772514,40.87992828633479],[-73.78513586168751,40.87991382053409],[-73.78509637250565,40.87986796446619],[-73.78504986960688,40.87985872155791],[-73.78501031195717,40.87983379465819],[-73.7850121828973,40.87978801643677],[-73.78503639048732,40.87976320730434],[-73.78507608896709,40.8797449686235],[-73.78514159504321,40.87973985801015],[-73.78516048905246,40.87975951448896],[-73.78522760394873,40.87978972453548],[-73.78527591910048,40.87977150182072],[-73.78534997854618,40.87978602897823],[-73.78543788074913,40.87978357572094],[-73.78546380817913,40.87976007872163],[-73.78550507219748,40.879790240549966],[-73.7855722800894,40.87979167412792],[-73.78566179687542,40.87982323372804],[-73.78567549107373,40.87985203677247],[-73.78542670816626,40.88004124410342],[-73.78536300205785,40.880022813029136],[-73.78529604249907,40.8799442039321],[-73.7852547266772,40.87992973867615],[-73.78525134670222,40.87990880356431]]],[[[-73.78483587743351,40.880558274470566],[-73.78370155778747,40.87993192593837],[-73.78495773470063,40.880745812270675],[-73.78483587743351,40.880558274470566]]],[[[-73.8079021707881,40.8857804602845],[-73.80520113603046,40.885999956853716],[-73.79322870882001,40.88282259590981],[-73.79554579908852,40.88069101537513],[-73.79502596232678,40.879747797714465],[-73.7974381545744,40.87513533245079],[-73.79981389580328,40.87415984971642],[-73.80297847593458,40.86874332976194],[-73.80594428659224,40.86892980232654],[-73.80869776542085,40.871342824439694],[-73.80872549256146,40.87043273548407],[-73.80753683775738,40.87017761974071],[-73.80870942498512,40.86908693085252],[-73.80672958392853,40.86952964580061],[-73.80694997701814,40.868859087825584],[-73.80487266170081,40.86823330232991],[-73.80473569836649,40.86665506589653],[-73.80315252630896,40.867102301324806],[-73.80300695884918,40.86574900707735],[-73.802052959404,40.86567203563359],[-73.7977404198542,40.87234517694846],[-73.79479044681598,40.873200484034165],[-73.79316703778704,40.877055639066654],[-73.79440294586094,40.87764184350173],[-73.79384702788154,40.87859445979098],[-73.78955872944293,40.8812612849156],[-73.78952309302746,40.87899812655697],[-73.78421715885797,40.87828178375187],[-73.78713685554447,40.8727604658903],[-73.78624874452605,40.87238284677232],[-73.78508139592718,40.87358996221956],[-73.78521974032056,40.871634753409154],[-73.78340673949684,40.87371717103243],[-73.78328614178682,40.87069891608],[-73.78560245305442,40.86834165222387],[-73.78595115207338,40.86932175714071],[-73.78858339378358,40.86917114124368],[-73.79153128143534,40.867318044282634],[-73.79189070744705,40.86107122186013],[-73.79412037337143,40.8596962681982],[-73.79435005934272,40.85652702380403],[-73.7987225560008,40.854914401172785],[-73.79780522990897,40.85194959759211],[-73.80040387558192,40.848108221073645],[-73.80417557932397,40.85334012018936],[-73.80452526711176,40.85485186479956],[-73.80352359791945,40.85555669481545],[-73.80473234282043,40.861479639615794],[-73.80601085112782,40.86177306539543],[-73.80582041215932,40.86003461146447],[-73.80817870447245,40.85948671567559],[-73.81400877754525,40.86408603364956],[-73.81641392102583,40.86118062820666],[-73.8138180258687,40.860548278670905],[-73.81273146495035,40.85887754194796],[-73.81230602708416,40.85416202647344],[-73.81657711471426,40.85382242670207],[-73.81712409042197,40.85126957344493],[-73.8157137849466,40.85081620384502],[-73.81628619094234,40.850194576449205],[-73.81514191918511,40.84908061323781],[-73.82048405462835,40.848501026130556],[-73.82495697574898,40.84610544480085],[-73.82517998938586,40.84270005947733],[-73.82624132843662,40.84299359414358],[-73.82617013916081,40.84557398847228],[-73.82799994448256,40.84863235104752],[-73.82723026060165,40.853350756948075],[-73.82860197010739,40.8557178480952],[-73.83285111160757,40.85608915212243],[-73.82840758909636,40.86094830120016],[-73.82721769385078,40.8592065770412],[-73.82156665177095,40.861025418719414],[-73.81578763977808,40.86575806143744],[-73.82126543671274,40.86907454348972],[-73.82329599275971,40.873097418177096],[-73.82005445513143,40.882114129067745],[-73.82023958327838,40.88549105235241],[-73.8140819927236,40.88673402025206],[-73.80850204133272,40.88587122668298],[-73.8079021707881,40.8857804602845]]]]}},{"type":"Feature","properties":{"nta2020":"MN0101","ntaname":"Financial District-Battery Park City","boroname":"Manhattan","ntatype":"0"},"geometry":{"type":"MultiPolygon","coordinates":[[[[-74.0007829520964,40.694286516167416],[-74.00301393697016,40.694777844479354],[-74.00239802583796,40.69571165536724],[-74.00026872245725,40.69496580308072],[-74.0007010467911,40.69438785684503],[-74.0007829520964,40.694286516167416]]],[[[-73.99837760531686,40.698063296146245],[-73.99887117053628,40.69715757704475],[-74.00104903057519,40.69790823569245],[-74.00048768562517,40.6987577781373],[-73.99837760531686,40.698063296146245]]],[[[-73.99799957452076,40.69879768554446],[-74.00001840433615,40.69946604807386],[-73.99947463838915,40.70032277751597],[-73.99749898221943,40.6996388693214],[-73.99799957452076,40.69879768554446]]],[[[-73.99628992097371,40.701425176037255],[-73.99813879899439,40.7015187882486],[-73.9961922722873,40.70337714136688],[-73.99513826774651,40.70297411472304],[-73.99621639402828,40.70152407416985],[-73.99628992097371,40.701425176037255]]],[[[-73.99504592704292,40.70313183979977],[-73.99544564312066,40.70327530597453],[-73.99529346700928,40.7035540658982],[-73.99498203246775,40.70338171553538],[-73.99480038186812,40.7032919586447],[-73.99502134495074,40.70314786924685],[-73.99504592704292,40.70313183979977]]],[[[-73.99476934125522,40.703952894953716],[-73.99488239836394,40.703788025837596],[-73.99491043069504,40.703797316461525],[-73.99492964609256,40.703771315084005],[-73.99502925916445,40.703808200365636],[-73.99488204726403,40.70400865389539],[-73.99483637435264,40.70398633908117],[-73.99476934125522,40.703952894953716]]],[[[-74.01232543587778,40.71887245341174],[-74.01372415026891,40.71367830965943],[-74.00834760912973,40.7113585455542],[-74.00429113759452,40.71290782569612],[-73.99913434786868,40.707982396946136],[-74.0011868526283,40.70685982526937],[-74.0005924020935,40.70541007840852],[-74.0014543741884,40.70487330292971],[-74.00332307270787,40.70562859522028],[-74.00286689781494,40.7040752255118],[-74.0040566643926,40.70514736343912],[-74.00659591913875,40.70368590245202],[-74.00549427805096,40.70243138095063],[-74.00678502191037,40.70356812690033],[-74.00929072600606,40.701930071822154],[-74.00775549084597,40.701548001672066],[-74.00834927559107,40.70066934889101],[-74.00958483017598,40.70183738506087],[-74.0111808830355,40.701451392756496],[-74.01079959311001,40.700207213007204],[-74.01115033556847,40.7008984006037],[-74.0131130382629,40.69977416488031],[-74.014339208975,40.7011326811046],[-74.01428922860929,40.7045490758554],[-74.01795473916604,40.70397578661407],[-74.01865886498037,40.70442877929029],[-74.01748090483295,40.70466726085802],[-74.01888747947991,40.704729142804425],[-74.01934254624453,40.70609367202473],[-74.01819029259627,40.70782162560752],[-74.01885500911968,40.708047534447644],[-74.01777014254499,40.71283457478935],[-74.01662424425272,40.71215731849296],[-74.01632006627594,40.71340798298106],[-74.01772496219296,40.71307018162294],[-74.01671018605823,40.718624176058164],[-74.01229165885206,40.719038949203906],[-74.01232543587778,40.71887245341174]]]]}},{"type":"Feature","properties":{"nta2020":"MN0102","ntaname":"Tribeca-Civic Center","boroname":"Manhattan","ntatype":"0"},"geometry":{"type":"MultiPolygon","coordinates":[[[[-73.99931241612073,40.71755024177758],[-74.00156635547326,40.71368306399954],[-74.0005098596514,40.71098427045357],[-74.00141934562184,40.709814795772104],[-74.00429113759458,40.71290782569612],[-74.00834760912973,40.7113585455542],[-74.01372415026891,40.71367830965943],[-74.01229165885212,40.71903894920386],[-74.01637848291469,40.72037660832847],[-74.01299980679079,40.720333090750216],[-74.01562245781948,40.7215434536739],[-74.01253875807262,40.72150317657655],[-74.01081238106582,40.7257898025561],[-73.9999562073255,40.718017095087355],[-73.99931241612073,40.71755024177758]]]]}},{"type":"Feature","properties":{"nta2020":"MN0191","ntaname":"The Battery-Governors Island-Ellis Island-Liberty Island","boroname":"Manhattan","ntatype":"9"},"geometry":{"type":"MultiPolygon","coordinates":[[[[-74.01092841113977,40.68449147254328],[-74.01217596614644,40.684095186131245],[-74.00816414527883,40.68617471716172],[-74.0095329360872,40.68534164753941],[-74.01092841113977,40.68449147254328]]],[[[-74.00500373227042,40.68760598540112],[-74.00562986242365,40.68678420604387],[-74.00783293766679,40.687385055162935],[-74.00742012154092,40.6882062904361],[-74.00500373227042,40.68760598540112]]],[[[-74.00382038787677,40.68892964469957],[-74.00459270367709,40.68821522298688],[-74.00678438439806,40.688826879958455],[-74.00636461225267,40.68966966913975],[-74.00382038787677,40.68892964469957]]],[[[-74.0053420962491,40.69109160297808],[-74.0029756532651,40.690426575920945],[-74.00340921492469,40.689613261160325],[-74.0057590067034,40.690236399513836],[-74.0053420962491,40.69109160297808]]],[[[-74.04387761573912,40.69018767587425],[-74.04255371949304,40.68996275979275],[-74.0443852164526,40.688516178906],[-74.04772962631084,40.68991531947191],[-74.04689205434565,40.69005909832307],[-74.04707269565444,40.69103806475748],[-74.04460616394883,40.69057348495138],[-74.04387761573912,40.69018767587425]]],[[[-74.0019931771272,40.69232868290959],[-74.00179839760033,40.69227001601038],[-74.00181122011674,40.69223801288131],[-74.00200882715211,40.692297708998076],[-74.00205202172337,40.6922066921037],[-74.00216095439973,40.692238141370154],[-74.00206329791222,40.69244400083749],[-74.00195060812472,40.69241207509517],[-74.0019931771272,40.69232868290959]]],[[[-74.0019693846005,40.69184320932286],[-74.00069905775847,40.69061185841928],[-74.00479415294552,40.69176162037463],[-74.00440941259978,40.69252880089208],[-74.0019693846005,40.69184320932286]]],[[[-74.01674756096051,40.693343367715244],[-74.01181185647239,40.69247933556713],[-74.01333264083574,40.692019970102635],[-74.01182575354973,40.691064816216326],[-74.01316926402744,40.68815477019823],[-74.01704986609202,40.68687598691407],[-74.01514391088013,40.68643703404314],[-74.01712099101067,40.68684333763678],[-74.02054367293066,40.685272067423575],[-74.01939842391928,40.685087404047415],[-74.02259359581053,40.684359696452695],[-74.02305574749595,40.68291694544531],[-74.0227589902996,40.68428444833244],[-74.02633404242411,40.684801697724396],[-74.02642577243199,40.68617533982982],[-74.01973308200053,40.69311410708301],[-74.0173589862862,40.69330587076226],[-74.01674756096051,40.693343367715244]]],[[[-74.00154172832214,40.69278596325292],[-74.00400795971098,40.69320819963255],[-74.00345348490625,40.694051630671524],[-74.00127014902638,40.693296062679124],[-74.00154172832214,40.69278596325292]]],[[[-74.03995040722508,40.70089063114571],[-74.03771124708588,40.699344040348215],[-74.0393403760411,40.69811551483639],[-74.0412426176618,40.69953674143529],[-74.03991248806584,40.6977020403988],[-74.04166051826829,40.69645297214284],[-74.04367371164739,40.698020404330556],[-74.04028808671875,40.70064361346782],[-74.03995040722508,40.70089063114571]]],[[[-74.01637519607705,40.704838485434294],[-74.0142706576719,40.70452023021404],[-74.01422063195479,40.700111490863314],[-74.01787839274608,40.70353850854006],[-74.01652040359087,40.70479971850555],[-74.01637519607705,40.704838485434294]]]]}},{"type":"Feature","properties":{"nta2020":"MN0201","ntaname":"SoHo-Little Italy-Hudson Square","boroname":"Manhattan","ntatype":"0"},"geometry":{"type":"MultiPolygon","coordinates":[[[[-74.00281726484997,40.72836312980689],[-73.99260322198438,40.72413644968358],[-73.99605872612268,40.71623164071364],[-73.99931241612073,40.71755024177758],[-74.01081238106582,40.7257898025561],[-74.01196432049132,40.724329864742494],[-74.01165326569942,40.725871761851536],[-74.01520426531143,40.726361949379765],[-74.01154201897604,40.72644734692726],[-74.01054872124601,40.72910068335097],[-74.0031276729681,40.72839380211483],[-74.00281726484997,40.72836312980689]]]]}},{"type":"Feature","properties":{"nta2020":"MN0202","ntaname":"Greenwich Village","boroname":"Manhattan","ntatype":"0"},"geometry":{"type":"MultiPolygon","coordinates":[[[[-73.9899029597005,40.73443479013707],[-73.99260322198438,40.72413644968358],[-74.00281726484997,40.72836312980689],[-73.99683993860414,40.73736088990093],[-73.99075396728541,40.734839155076365],[-73.9899029597005,40.73443479013707]]]]}},{"type":"Feature","properties":{"nta2020":"MN0203","ntaname":"West Village","boroname":"Manhattan","ntatype":"0"},"geometry":{"type":"MultiPolygon","coordinates":[[[[-74.00915345103353,40.742496188058894],[-73.99683993860414,40.73736088990093],[-74.00281726484997,40.72836312980689],[-74.01054872124601,40.72910068335097],[-74.01064289761028,40.728172108377805],[-74.01439069866335,40.72846304802296],[-74.01408693559907,40.730663172537895],[-74.01116195696476,40.730450676349214],[-74.01099350879163,40.73232041844335],[-74.0109411822674,40.733007762766924],[-74.01399957240966,40.73333227751791],[-74.01072972383811,40.73346340265207],[-74.01201791944403,40.73406374445656],[-74.01081359479102,40.73428344314517],[-74.0111391560257,40.73838986331581],[-74.0103930306848,40.73917429605941],[-74.0126592820849,40.7407476384976],[-74.00963145571748,40.74064536687183],[-74.01139609242074,40.741822813235274],[-74.00919185316725,40.742292631516925],[-74.00915345103353,40.742496188058894]],[[-74.00937125244927,40.742185150284826],[-74.01016559689424,40.7416723485763],[-74.00941384793754,40.742129870171],[-74.00937125244927,40.742185150284826]]]]}},{"type":"Feature","properties":{"nta2020":"MN0301","ntaname":"Chinatown-Two Bridges","boroname":"Manhattan","ntatype":"0"},"geometry":{"type":"MultiPolygon","coordinates":[[[[-73.98449647010706,40.7095096644421],[-73.98839064023267,40.70912694916282],[-73.98879717785803,40.70996660747239],[-73.99913434786863,40.70798239694609],[-74.00141934562184,40.709814795772104],[-74.0005098596514,40.71098427045357],[-74.00156635547326,40.71368306399954],[-73.99931241612073,40.71755024177758],[-73.99605872612268,40.71623164071364],[-73.99480778889196,40.71845742685302],[-73.98915463750744,40.716708646771785],[-73.99022012603876,40.71440493989813],[-73.98534404351345,40.714461578232836],[-73.98465524451053,40.71046476215556],[-73.98449647010706,40.7095096644421]]]]}},{"type":"Feature","properties":{"nta2020":"MN0302","ntaname":"Lower East Side","boroname":"Manhattan","ntatype":"0"},"geometry":{"type":"MultiPolygon","coordinates":[[[[-73.98245898564491,40.70554241497245],[-73.98102390618274,40.70589891389373],[-73.98237340439913,40.70554335043761],[-73.98245898564491,40.70554241497245]]],[[[-73.97506051050303,40.718785451244116],[-73.97357185653394,40.71859722992405],[-73.97681883474013,40.71141956702121],[-73.98449647010712,40.7095096644421],[-73.9853440435134,40.714461578232864],[-73.99022012603865,40.71440493989818],[-73.9891546375074,40.71670864677182],[-73.99480778889186,40.71845742685302],[-73.99260322198428,40.72413644968361],[-73.97509719746351,40.71879443343051],[-73.97506051050303,40.718785451244116]]]]}},{"type":"Feature","properties":{"nta2020":"MN0303","ntaname":"East Village","boroname":"Manhattan","ntatype":"0"},"geometry":{"type":"MultiPolygon","coordinates":[[[[-73.96715101106554,40.71831612593243],[-73.96656241831437,40.71801586680629],[-73.96709096267313,40.71840576680846],[-73.96715101106554,40.71831612593243]]],[[[-73.9664432335092,40.719243203651835],[-73.96574267076741,40.71870687777715],[-73.96646509449421,40.7193604344076],[-73.9664432335092,40.719243203651835]]],[[[-73.96503278262037,40.72037706947495],[-73.96511736757607,40.720316339861505],[-73.96567655698846,40.7206789605406],[-73.96559823311401,40.720744458402685],[-73.96503278262037,40.72037706947495]]],[[[-73.96483433609403,40.720795547440936],[-73.96436107868253,40.72047723987711],[-73.96439735617604,40.7204418344266],[-73.96486440927369,40.72077554186087],[-73.96492581691774,40.72072028444723],[-73.96503100130573,40.720790841371304],[-73.9649307430023,40.720881350566174],[-73.96485304211566,40.72095280435724],[-73.96475287190977,40.720877483340075],[-73.96483433609403,40.720795547440936]]],[[[-73.96402617458521,40.720880893068745],[-73.9640659124426,40.72079991096256],[-73.96437504301146,40.72099255076879],[-73.96430846303322,40.7210556694886],[-73.96402617458521,40.720880893068745]]],[[[-73.96424069640435,40.72061223099658],[-73.96495059736658,40.72142418210708],[-73.96420193010492,40.72065389425693],[-73.96424069640435,40.72061223099658]]],[[[-73.97177410965303,40.72582128133725],[-73.97357185653394,40.71859722992405],[-73.99260322198428,40.72413644968361],[-73.98990295970046,40.73443479013707],[-73.97205015281106,40.72688094679736],[-73.97176755410212,40.725833303454834],[-73.97177410965303,40.72582128133725]]]]}},{"type":"Feature","properties":{"nta2020":"MN0401","ntaname":"Chelsea-Hudson Yards","boroname":"Manhattan","ntatype":"0"},"geometry":{"type":"MultiPolygon","coordinates":[[[[-74.00178824022314,40.76229452014182],[-73.99547450167069,40.759626857017714],[-73.99729876461934,40.75710704073607],[-73.99163271156428,40.75470680500966],[-73.99709902854308,40.747205102042415],[-73.99141858494612,40.74480268299892],[-73.99683993860414,40.73736088990093],[-74.00956843411774,40.74325778522915],[-74.01214813183593,40.74355930154771],[-74.00890032962842,40.7439179270962],[-74.00872986359421,40.74488153782985],[-74.0117827582809,40.74560157225559],[-74.00946389855972,40.74575014365962],[-74.01159123434022,40.74660150547614],[-74.00924314658668,40.746762790251324],[-74.0114067393551,40.74763054956565],[-74.00905847901343,40.74778564533301],[-74.01121561813423,40.7486779927463],[-74.00910453215725,40.750371069730505],[-74.01056463476449,40.751321462604054],[-74.00900098259461,40.750648184285346],[-74.00853256925016,40.75188360880192],[-74.00934089245285,40.752355610048305],[-74.00842636447226,40.75215785023945],[-74.00997058797022,40.75293356415334],[-74.0083535283885,40.75235073984506],[-74.00480392560185,40.75780984316488],[-74.0070035890402,40.759231870843806],[-74.00380657835007,40.759510731466186],[-74.0023352806396,40.761543727001815],[-74.00444951527277,40.76266456720016],[-74.00220082073271,40.76172843272924],[-74.00178824022314,40.76229452014182]]]]}},{"type":"Feature","properties":{"nta2020":"MN0402","ntaname":"Hell's Kitchen","boroname":"Manhattan","ntatype":"0"},"geometry":{"type":"MultiPolygon","coordinates":[[[[-73.99612087994674,40.773275391093215],[-73.99341045387395,40.77287889534579],[-73.99378189746184,40.772199091447774],[-73.98236353955835,40.7673880741734],[-73.99163271156424,40.75470680500966],[-73.99729876461925,40.75710704073607],[-73.99547450167074,40.759626857017714],[-74.00375735037694,40.76358224164074],[-74.0009730802201,40.763420271725884],[-74.00310088157151,40.76474574851435],[-73.99962263458175,40.76355908121067],[-73.99915098087908,40.76420525958292],[-74.0022880237148,40.76556154329282],[-73.99888473174973,40.76456937755128],[-73.99828160709531,40.76556777443239],[-74.00157335319162,40.76697719271351],[-73.99806675905349,40.765871881638446],[-73.99737808447956,40.76682338537458],[-74.00064950530414,40.76824523610579],[-73.99715588949206,40.76712869617297],[-73.9964571540504,40.76809881579582],[-73.99973590247859,40.76950617783428],[-73.99707176039315,40.76873264357708],[-73.9965712643956,40.769424568274005],[-73.99902682832892,40.770463272982276],[-73.99631327022085,40.769798836336626],[-73.99589990100934,40.77145029908485],[-73.99492582120627,40.77151604240567],[-73.99707328103203,40.772542868399555],[-73.99444501293378,40.77237712658852],[-73.99622972001933,40.77312897454292],[-73.99612087994674,40.773275391093215]]]]}},{"type":"Feature","properties":{"nta2020":"MN0501","ntaname":"Midtown South-Flatiron-Union Square","boroname":"Manhattan","ntatype":"0"},"geometry":{"type":"MultiPolygon","coordinates":[[[[-73.98085054350298,40.74775037037825],[-73.9899029597005,40.73443479013707],[-73.99683993860414,40.73736088990093],[-73.99141858494612,40.74480268299892],[-73.99709902854308,40.747205102042415],[-73.99346417670151,40.75219005526781],[-73.98094249981168,40.747790071404644],[-73.98085054350298,40.74775037037825]]]]}},{"type":"Feature","properties":{"nta2020":"MN0502","ntaname":"Midtown-Times Square","boroname":"Manhattan","ntatype":"0"},"geometry":{"type":"MultiPolygon","coordinates":[[[[-73.97301487176121,40.76427887944539],[-73.96980028759536,40.762913512630256],[-73.97580739271987,40.75467727461167],[-73.97697378975926,40.75434867554563],[-73.98085054350298,40.74775037037825],[-73.99346417670151,40.75219005526781],[-73.98211061400892,40.767744476546305],[-73.97363584544792,40.76456991427832],[-73.97301487176121,40.76427887944539]]]]}},{"type":"Feature","properties":{"nta2020":"MN0601","ntaname":"Stuyvesant Town-Peter Cooper Village","boroname":"Manhattan","ntatype":"0"},"geometry":{"type":"MultiPolygon","coordinates":[[[[-73.96236596889399,40.72420906211704],[-73.96200744732944,40.72399190160773],[-73.96207271877786,40.72388030090552],[-73.96246789944986,40.72413157960128],[-73.96247195112899,40.72417498927368],[-73.9624434091145,40.724199784978985],[-73.96239043044622,40.724193567186944],[-73.96236596889399,40.72420906211704]]],[[[-73.9750736174147,40.73536962854286],[-73.97151882628022,40.72935136174036],[-73.97162697271706,40.726628453499636],[-73.98255629231726,40.7313501345547],[-73.97854094493694,40.736887659360356],[-73.97522019107778,40.735413262789024],[-73.9750736174147,40.73536962854286]]]]}},{"type":"Feature","properties":{"nta2020":"MN0602","ntaname":"Gramercy","boroname":"Manhattan","ntatype":"0"},"geometry":{"type":"MultiPolygon","coordinates":[[[[-73.978540944937,40.736887659360356],[-73.98255629231735,40.73135013455466],[-73.9899029597005,40.73443479013707],[-73.98407485194073,40.743324718416666],[-73.98085965324304,40.74196976808196],[-73.9826675979102,40.739498439778224],[-73.97805226409517,40.7375539536562],[-73.978540944937,40.736887659360356]]]]}},{"type":"Feature","properties":{"nta2020":"MN0603","ntaname":"Murray Hill-Kips Bay","boroname":"Manhattan","ntatype":"0"},"geometry":{"type":"MultiPolygon","coordinates":[[[[-73.96128450656235,40.73015906220393],[-73.96254933952301,40.72974406834934],[-73.96135279077674,40.73015195755598],[-73.96128450656235,40.73015906220393]]],[[[-73.96197039369794,40.731577111685645],[-73.96365939232885,40.73124981148223],[-73.96291505478288,40.731533580101065],[-73.96197039369794,40.731577111685645]]],[[[-73.96051732536237,40.74410534158377],[-73.96056856726295,40.744029666585185],[-73.96067204645479,40.7440512158564],[-73.96064863700711,40.74413031761426],[-73.96051732536237,40.74410534158377]]],[[[-73.97604824796775,40.75144139387808],[-73.97444451493509,40.75076469299489],[-73.9735025572896,40.75206493265777],[-73.97126234383126,40.75112224129957],[-73.96890797166554,40.75011244375033],[-73.96998692011056,40.74886871410219],[-73.96791272906268,40.74797093564212],[-73.97188888913038,40.74272482035568],[-73.97248994174741,40.735803280107795],[-73.97446647047282,40.73627845683008],[-73.97276308380349,40.73550508747374],[-73.97354472795836,40.73494432660406],[-73.98266759791014,40.739498439778224],[-73.98085965324293,40.74196976808199],[-73.98407485194069,40.7433247184167],[-73.97767660455372,40.75211893738103],[-73.97651587058667,40.75163647208574],[-73.97604824796775,40.75144139387808]]]]}},{"type":"Feature","properties":{"nta2020":"MN0604","ntaname":"East Midtown-Turtle Bay","boroname":"Manhattan","ntatype":"0"},"geometry":{"type":"MultiPolygon","coordinates":[[[[-73.96658338334103,40.76155093607907],[-73.95849119453524,40.75854590383034],[-73.96470952774996,40.75171941559831],[-73.96722654996013,40.75268822384287],[-73.96890797166566,40.7501124437503],[-73.97350255728973,40.75206493265777],[-73.9744445149352,40.75076469299489],[-73.97834876909162,40.752410130141755],[-73.96980028759536,40.762913512630256],[-73.9681868771548,40.76222682132583],[-73.96658338334103,40.76155093607907]]]]}},{"type":"Feature","properties":{"nta2020":"MN0661","ntaname":"United Nations","boroname":"Manhattan","ntatype":"6"},"geometry":{"type":"MultiPolygon","coordinates":[[[[-73.96421230395704,40.74660431797426],[-73.96427364752437,40.746541845055184],[-73.96433729322393,40.746545726593354],[-73.96437765272148,40.746495088038635],[-73.96444522664541,40.74641042526051],[-73.96458318338802,40.74645440134334],[-73.96458702311317,40.746515898544516],[-73.96454518104478,40.74656415047286],[-73.96447543657672,40.7466408337006],[-73.96437443772187,40.74670453064321],[-73.9643375860567,40.74673484818135],[-73.96427256202237,40.74675130758166],[-73.96421616616284,40.74683700083096],[-73.9641598028843,40.74686554735975],[-73.96412514486175,40.74684576060551],[-73.96413382933497,40.7468127961656],[-73.96421192462765,40.74666667680318],[-73.96421230395704,40.74660431797426]]],[[[-73.96532479543205,40.751937191853735],[-73.96470952774996,40.75171941559831],[-73.96791272906283,40.74797093564207],[-73.9699869201106,40.74886871410219],[-73.96722654996013,40.75268822384287],[-73.96541528541687,40.75194995958367],[-73.96532479543205,40.751937191853735]]]]}},{"type":"Feature","properties":{"nta2020":"MN0701","ntaname":"Upper West Side-Lincoln Square","boroname":"Manhattan","ntatype":"0"},"geometry":{"type":"MultiPolygon","coordinates":[[[[-73.9750011183182,40.77752777991658],[-73.98236353955835,40.7673880741734],[-73.99624065101737,40.77378979190044],[-73.993936941822,40.773179510967104],[-73.98886861739992,40.77969292291159],[-73.99155105922753,40.77957482043242],[-73.98888614411685,40.77987889853295],[-73.98812746069495,40.78140179694496],[-73.9856793602949,40.780312633335036],[-73.98507184256836,40.781779681471896],[-73.97783301572865,40.77873072253425],[-73.9750011183182,40.77752777991658]]]]}},{"type":"Feature","properties":{"nta2020":"MN0702","ntaname":"Upper West Side (Central)","boroname":"Manhattan","ntatype":"0"},"geometry":{"type":"MultiPolygon","coordinates":[[[[-73.96417598455193,40.792362045027716],[-73.9750011183183,40.77752777991658],[-73.98507184256847,40.78177968147185],[-73.9856793602949,40.780312633334994],[-73.98812746036442,40.7814017974475],[-73.98546581197026,40.78536070057562],[-73.98617270496534,40.78606845276145],[-73.98711901394275,40.78521031799912],[-73.98612842248589,40.78623900133132],[-73.98542932126942,40.78541394218482],[-73.98576566029752,40.78619627485881],[-73.98465507883012,40.78653474231073],[-73.9859495615568,40.78648711296155],[-73.98461942858398,40.786586016852596],[-73.9763995193054,40.79827321119528],[-73.96543410377306,40.79287668686671],[-73.96417598455193,40.792362045027716]]]]}},{"type":"Feature","properties":{"nta2020":"MN0703","ntaname":"Upper West Side-Manhattan Valley","boroname":"Manhattan","ntatype":"0"},"geometry":{"type":"MultiPolygon","coordinates":[[[[-73.95964685334928,40.80115642375894],[-73.95817296971535,40.80058254195962],[-73.96417598455193,40.792362045027716],[-73.97639951930529,40.79827321119533],[-73.97110765808215,40.80579013942548],[-73.96107793869854,40.80180035772015],[-73.95964685334928,40.80115642375894]]]]}},{"type":"Feature","properties":{"nta2020":"MN0801","ntaname":"Upper East Side-Lenox Hill-Roosevelt Island","boroname":"Manhattan","ntatype":"0"},"geometry":{"type":"MultiPolygon","coordinates":[[[[-73.95763576836265,40.74840634746513],[-73.957493440047,40.74833646476311],[-73.95751889188831,40.74830361959195],[-73.95766680471932,40.74837347952164],[-73.9577265433443,40.74829406239848],[-73.95783953942082,40.74833800287286],[-73.95768831843425,40.748535026871835],[-73.95757650467826,40.7484885253785],[-73.95763576836265,40.74840634746513]]],[[[-73.9355679704974,40.77191877803632],[-73.93565635283767,40.771756396435265],[-73.93552163065269,40.77171629406108],[-73.93556621751351,40.77162911639181],[-73.93585195294797,40.77171600149025],[-73.93580987642515,40.77179936862196],[-73.935698338885,40.77176690312417],[-73.93560853449766,40.77193127768471],[-73.9355679704974,40.77191877803632]]],[[[-73.94180032729415,40.76904692662492],[-73.95322009963193,40.75642684131528],[-73.96153855464473,40.749723119840674],[-73.94472478343205,40.769786271534315],[-73.94017959715906,40.772959316096696],[-73.94125975382558,40.76930887989545],[-73.94180032729415,40.76904692662492]]],[[[-73.9583537498379,40.75866662516292],[-73.96658338334092,40.7615509360791],[-73.95729409955628,40.77428355557777],[-73.9474897536819,40.77011515452139],[-73.95833351948279,40.75868387955003],[-73.9583537498379,40.75866662516292]]]]}},{"type":"Feature","properties":{"nta2020":"MN0802","ntaname":"Upper East Side-Carnegie Hill","boroname":"Manhattan","ntatype":"0"},"geometry":{"type":"MultiPolygon","coordinates":[[[[-73.94933170560955,40.785193126557786],[-73.96658338334103,40.76155093607907],[-73.97301487176121,40.76427887944539],[-73.95577735758036,40.78791392447064],[-73.95033803998145,40.78561715001276],[-73.94933170560955,40.785193126557786]]]]}},{"type":"Feature","properties":{"nta2020":"MN0803","ntaname":"Upper East Side-Yorkville","boroname":"Manhattan","ntatype":"0"},"geometry":{"type":"MultiPolygon","coordinates":[[[[-73.93804640603422,40.78082954427574],[-73.9395837897242,40.77957647450991],[-73.93806723089968,40.7809447021957],[-73.93804640603422,40.78082954427574]]],[[[-73.94360047475412,40.78015909946638],[-73.94211585205258,40.77946438178308],[-73.94300246547277,40.77885287951766],[-73.94208160457381,40.77595701631722],[-73.9474897536819,40.77011515452139],[-73.95729409955628,40.77428355557777],[-73.9493317056096,40.785193126557786],[-73.94376005208356,40.782828932219545],[-73.94371468850511,40.78062981603161],[-73.94360047475412,40.78015909946638]]]]}},{"type":"Feature","properties":{"nta2020":"MN0901","ntaname":"Morningside Heights","boroname":"Manhattan","ntatype":"0"},"geometry":{"type":"MultiPolygon","coordinates":[[[[-73.95210125149217,40.811442853501475],[-73.95357577722126,40.809476698162094],[-73.95496657106287,40.81006455520624],[-73.95822724911433,40.805537497295774],[-73.9582487817548,40.80310648647079],[-73.95964685334928,40.80115642375894],[-73.97110765764116,40.80579013967667],[-73.96203105751877,40.81808633097919],[-73.95354382953624,40.81205082062985],[-73.95210125149217,40.811442853501475]]]]}},{"type":"Feature","properties":{"nta2020":"MN0902","ntaname":"Manhattanville-West Harlem","boroname":"Manhattan","ntatype":"0"},"geometry":{"type":"MultiPolygon","coordinates":[[[[-73.94607828608069,40.8212632160618],[-73.94921410372903,40.814699770984774],[-73.95210125149221,40.81144285350143],[-73.95570689991122,40.814143960542545],[-73.95625889682282,40.81338943442833],[-73.95949328737711,40.817007473778816],[-73.96203105707758,40.81808633148163],[-73.95881892233997,40.82151852484693],[-73.9596033246028,40.8229946867835],[-73.95852731524258,40.82184375665232],[-73.95793904909091,40.82277435405003],[-73.95953101411841,40.82361918218078],[-73.95914038137627,40.82431759020488],[-73.9508287990319,40.82082793759966],[-73.94992194321388,40.82207231473013],[-73.9472384465802,40.82175398626649],[-73.94607828608069,40.8212632160618]]]]}},{"type":"Feature","properties":{"nta2020":"MN0903","ntaname":"Hamilton Heights-Sugar Hill","boroname":"Manhattan","ntatype":"0"},"geometry":{"type":"MultiPolygon","coordinates":[[[[-73.94034643247481,40.830457843352235],[-73.93864026605648,40.82973887442024],[-73.93924885616293,40.82829635121206],[-73.94516004829619,40.82087904397875],[-73.94808289749476,40.82210802201343],[-73.94992194321388,40.82207231473013],[-73.9508287990319,40.82082793759966],[-73.95914038137627,40.82431759020488],[-73.9563178451031,40.827944215388754],[-73.95454188062094,40.827861476868264],[-73.95021218560015,40.83430311995851],[-73.9410754691443,40.830766851875914],[-73.94034643247481,40.830457843352235]]]]}},{"type":"Feature","properties":{"nta2020":"MN1001","ntaname":"Harlem (South)","boroname":"Manhattan","ntatype":"0"},"geometry":{"type":"MultiPolygon","coordinates":[[[[-73.94177140103845,40.8070890008521],[-73.94275367162054,40.80574401279446],[-73.9443558695654,40.806413587911365],[-73.94620045768923,40.80390652243222],[-73.94459915208044,40.803225048342576],[-73.94923327016367,40.7968719999053],[-73.9596468533494,40.801156423758904],[-73.95824878175492,40.80310648647076],[-73.95822724911444,40.805537497295774],[-73.95496657106287,40.81006455520624],[-73.95357577722136,40.809476698162065],[-73.95210125149221,40.81144285350143],[-73.94491601785558,40.80841350378145],[-73.94177140103845,40.8070890008521]]]]}},{"type":"Feature","properties":{"nta2020":"MN1002","ntaname":"Harlem (North)","boroname":"Manhattan","ntatype":"0"},"geometry":{"type":"MultiPolygon","coordinates":[[[[-73.93515659173437,40.8326824057349],[-73.93407463845418,40.81782651394801],[-73.94177140103841,40.8070890008521],[-73.95210125149217,40.811442853501475],[-73.94921410372893,40.814699770984774],[-73.94607828608069,40.821263216061844],[-73.94516004829607,40.82087904397875],[-73.93924885616283,40.82829635121206],[-73.93864026605654,40.82973887442024],[-73.94014131121864,40.83037198888044],[-73.93894859700762,40.832417336328064],[-73.93467393002148,40.83606490323896],[-73.93516480840945,40.83285288326448],[-73.93515659173437,40.8326824057349]]]]}},{"type":"Feature","properties":{"nta2020":"MN1101","ntaname":"East Harlem (South)","boroname":"Manhattan","ntatype":"0"},"geometry":{"type":"MultiPolygon","coordinates":[[[[-73.94103496795258,40.79254666917791],[-73.93864883146107,40.79155775480549],[-73.93773611991232,40.79281580410147],[-73.93505405969788,40.79168623135817],[-73.93708104382291,40.78936639571018],[-73.93621859869943,40.788800497574485],[-73.93714965461052,40.78916844956227],[-73.93982619696507,40.78525655191311],[-73.94364823450802,40.78265616183563],[-73.95577735758026,40.78791392447064],[-73.9483112532211,40.79812921756641],[-73.9418760457263,40.79540586955281],[-73.94327251058219,40.793488103940284],[-73.94103496795258,40.79254666917791]]]]}},{"type":"Feature","properties":{"nta2020":"MN1102","ntaname":"East Harlem (North)","boroname":"Manhattan","ntatype":"0"},"geometry":{"type":"MultiPolygon","coordinates":[[[[-73.9271851473424,40.79734989711528],[-73.92735485441726,40.79731658128903],[-73.92734692252739,40.7972939021206],[-73.92767122620857,40.79721701426642],[-73.92770694127172,40.79729866287719],[-73.92738263624605,40.79737706257546],[-73.9273667559454,40.79734682034461],[-73.9272029970413,40.79738674846966],[-73.9271851473424,40.79734989711528]]],[[[-73.92672091168967,40.800414210943785],[-73.92653846389969,40.80033389881066],[-73.92655351565463,40.80031517292104],[-73.92674263892941,40.80040349947553],[-73.92673683953142,40.80041147097949],[-73.92672526216894,40.80040733832043],[-73.92672091168967,40.800414210943785]]],[[[-73.92666565480394,40.80018271403597],[-73.92669572541307,40.80014697765469],[-73.9272477078927,40.80039295736917],[-73.92711464230625,40.80056375622975],[-73.92706696628478,40.80054301212599],[-73.92716933022416,40.8004058541989],[-73.92666565480394,40.80018271403597]]],[[[-73.92688606021946,40.800840648871706],[-73.9265095486725,40.800657032027345],[-73.926552416761,40.80060482609681],[-73.9268452842956,40.800739647215586],[-73.92683162740748,40.80076552901485],[-73.92686908679453,40.80078367679947],[-73.92699531303118,40.80063617610446],[-73.92704640297914,40.80065174303151],[-73.92688606021946,40.800840648871706]]],[[[-73.9338261413771,40.81935642975051],[-73.9343386458468,40.80956221433414],[-73.92903490240303,40.801080903852046],[-73.92903640113434,40.79676259460364],[-73.93006881035544,40.794700828605635],[-73.93505405969788,40.79168623135817],[-73.93773611991232,40.79281580410147],[-73.93864883146107,40.79155775480549],[-73.94327251058219,40.793488103940284],[-73.9418760457263,40.79540586955281],[-73.9483112532211,40.79812921756641],[-73.9445991520805,40.80322504834261],[-73.94620045768927,40.80390652243227],[-73.9443558695654,40.8064135879114],[-73.94275367162054,40.80574401279446],[-73.93487343768776,40.816527848019994],[-73.93447523610446,40.81969749639639],[-73.9338277742164,40.81941549542161],[-73.9338261413771,40.81935642975051]]]]}},{"type":"Feature","properties":{"nta2020":"MN1191","ntaname":"Randall's Island","boroname":"Manhattan","ntatype":"9"},"geometry":{"type":"MultiPolygon","coordinates":[[[[-73.91639852914044,40.79768484203922],[-73.9137838537053,40.79383628598483],[-73.9185629977498,40.78969533382608],[-73.92412113996787,40.782523074010996],[-73.92810118899118,40.78092032054433],[-73.93598225918352,40.78394236877618],[-73.9357126586545,40.78568048949198],[-73.93084178651056,40.79099143050377],[-73.9261041018663,40.79073160762008],[-73.92656766185677,40.79185813478102],[-73.92560756026242,40.79189590746655],[-73.92786889152922,40.79095483863406],[-73.92713563728074,40.791929306603336],[-73.92834212708986,40.79297969032964],[-73.92693614679627,40.795497062372476],[-73.92726293136896,40.79891864562384],[-73.925698261787,40.80181087135076],[-73.92263378594822,40.80186873864386],[-73.9203146552122,40.79937545929022],[-73.91662985181601,40.7978581399394],[-73.91639852914044,40.79768484203922]]]]}},{"type":"Feature","properties":{"nta2020":"MN1201","ntaname":"Washington Heights (South)","boroname":"Manhattan","ntatype":"0"},"geometry":{"type":"MultiPolygon","coordinates":[[[[-73.93139355315752,40.84742823140969],[-73.93556697174414,40.84171252755808],[-73.93505508758803,40.839333236833134],[-73.94034643247466,40.830457843352235],[-73.95021218560021,40.83430311995857],[-73.94612416421772,40.843892496557295],[-73.94696441693404,40.850465525818066],[-73.94318719330808,40.84975484263654],[-73.94389000191137,40.848202911438925],[-73.93803616045412,40.8475577549185],[-73.93639683069712,40.849541195841915],[-73.9328498482764,40.84803810951876],[-73.93139355315752,40.84742823140969]]]]}},{"type":"Feature","properties":{"nta2020":"MN1202","ntaname":"Washington Heights (North)","boroname":"Manhattan","ntatype":"0"},"geometry":{"type":"MultiPolygon","coordinates":[[[[-73.92872643114075,40.86674142822069],[-73.92474153319307,40.861593638251634],[-73.92691117424916,40.85750876152573],[-73.92548340491632,40.85818853171614],[-73.9246344129766,40.856885035141445],[-73.92769565671857,40.85248778277556],[-73.92747680397204,40.850694370799026],[-73.92977312775169,40.84811546118508],[-73.93062107886001,40.84848097743913],[-73.93139355315762,40.84742823140965],[-73.93639683069723,40.849541195841915],[-73.93803616045417,40.847557754918455],[-73.94389000191148,40.84820291143888],[-73.94318719330808,40.84975484263654],[-73.94696441627184,40.85046552632033],[-73.94186996360527,40.853867738940075],[-73.9325188840444,40.86741050336603],[-73.93235370807277,40.86975525529677],[-73.92934104036875,40.867257241141274],[-73.92872643114075,40.86674142822069]]]]}},{"type":"Feature","properties":{"nta2020":"MN1203","ntaname":"Inwood","boroname":"Manhattan","ntatype":"0"},"geometry":{"type":"MultiPolygon","coordinates":[[[[-73.92234459241664,40.85568233648424],[-73.92151894059094,40.85660117062342],[-73.92229610926113,40.855663836401455],[-73.92234459241664,40.85568233648424]]],[[[-73.92234459241664,40.85568233648424],[-73.92288794949759,40.85885694124603],[-73.92872643114075,40.86674142822075],[-73.92619847735759,40.86851350036838],[-73.921626226182,40.86939218466785],[-73.91925481601531,40.87100784280284],[-73.91969887531994,40.872063531039],[-73.91842924397557,40.873009778733596],[-73.91400985416992,40.871160593864666],[-73.91142596184356,40.87318176715518],[-73.91043363570444,40.87138081638449],[-73.91254775064014,40.866514943506566],[-73.91492387927858,40.864580378919314],[-73.91441113392746,40.86417362637064],[-73.91589911645785,40.864308038085234],[-73.91538673051069,40.863084384703484],[-73.91950213660932,40.85879113379065],[-73.92159014848224,40.860072800027055],[-73.92091459857778,40.85821896663791],[-73.92237580865482,40.85597834895314],[-73.92234459241664,40.85568233648424]]]]}},{"type":"Feature","properties":{"nta2020":"MN1291","ntaname":"Highbridge Park","boroname":"Manhattan","ntatype":"9"},"geometry":{"type":"MultiPolygon","coordinates":[[[[-73.92288794949759,40.85885694124603],[-73.92227873064479,40.85565498884393],[-73.9298142904901,40.845077383642355],[-73.9344523930909,40.83598096065217],[-73.94034643247466,40.830457843352235],[-73.93505508758803,40.839333236833134],[-73.93556697174414,40.84171252755808],[-73.93062107886007,40.84848097743913],[-73.92977312775169,40.84811546118512],[-73.92707982277773,40.85143234338436],[-73.92769565671846,40.85248778277556],[-73.9246311201873,40.85696745997239],[-73.92548340491622,40.85818853171614],[-73.92691117424916,40.85750876152579],[-73.92688494937758,40.85876382317737],[-73.92474153319307,40.861593638251684],[-73.92295854084045,40.858913893707225],[-73.92288794949759,40.85885694124603]]]]}},{"type":"Feature","properties":{"nta2020":"MN1292","ntaname":"Inwood Hill Park","boroname":"Manhattan","ntatype":"9"},"geometry":{"type":"MultiPolygon","coordinates":[[[[-73.92640556854903,40.877621476537094],[-73.92239768169317,40.87678022314138],[-73.9225763680598,40.87429518262895],[-73.92111741577914,40.87303345568901],[-73.91979301672416,40.873606512158005],[-73.92080609643993,40.875477492972905],[-73.91887525897296,40.87467899589022],[-73.91849995662193,40.87319171560401],[-73.9175772988473,40.874548678547384],[-73.91787144917501,40.87390499528883],[-73.91522402079842,40.874486621867824],[-73.91151516034965,40.87323663012734],[-73.91400985416992,40.871160593864666],[-73.91842924397557,40.873009778733596],[-73.91969887531994,40.872063531039],[-73.91925481601531,40.87100784280284],[-73.921626226182,40.86939218466785],[-73.92619847735759,40.86851350036838],[-73.92872643114075,40.86674142822075],[-73.93220600465656,40.870096445104245],[-73.92917968255965,40.875555548966595],[-73.92641591454836,40.87761004719839],[-73.92640556854903,40.877621476537094]]],[[[-73.92359172508976,40.8789521593326],[-73.92361150251848,40.878900860908686],[-73.92359742020446,40.87889871249026],[-73.92361719191469,40.878852758033574],[-73.92362423150735,40.878854901789126],[-73.92363695222997,40.87881535593184],[-73.9236791931174,40.87882607399625],[-73.9236664792692,40.87886349701565],[-73.9236777382445,40.87886562613624],[-73.92366219321842,40.87891158339897],[-73.92365233486954,40.87891157687778],[-73.92362973884111,40.87896394391315],[-73.92359172508976,40.8789521593326]]]]}},{"type":"Feature","properties":{"nta2020":"MN6491","ntaname":"Central Park","boroname":"Manhattan","ntatype":"9"},"geometry":{"type":"MultiPolygon","coordinates":[[[[-73.94923327016367,40.7968719999053],[-73.97301487176121,40.76427887944539],[-73.98149121360566,40.767881199603515],[-73.95817296971542,40.80058254195962],[-73.9497477293007,40.79709700227081],[-73.94923327016367,40.7968719999053]]]]}},{"type":"Feature","properties":{"nta2020":"QN0101","ntaname":"Astoria (North)-Ditmars-Steinway","boroname":"Queens","ntatype":"0"},"geometry":{"type":"MultiPolygon","coordinates":[[[[-73.90647314610091,40.7901811752083],[-73.90032629743816,40.78900766282588],[-73.8959296297551,40.78564894431402],[-73.89876162661416,40.78274894638468],[-73.90114577552033,40.78271110659338],[-73.90257929672418,40.78028912033323],[-73.9012912761892,40.78185841927053],[-73.89865437844033,40.78199542032102],[-73.89437777934127,40.784243203484415],[-73.89606377738343,40.78315720230798],[-73.89477429053531,40.78225359249442],[-73.8953575056752,40.781657657133636],[-73.89460091774579,40.78225315898151],[-73.89534447842289,40.781585566311456],[-73.89416469090781,40.78247204670663],[-73.89306090692054,40.78184828970733],[-73.89274917876409,40.78296570668492],[-73.89165459123632,40.78219478203344],[-73.89300986180193,40.78179802356241],[-73.89167103754534,40.780854854131476],[-73.89254018145542,40.77955183427164],[-73.89119589704309,40.77856328838987],[-73.8925225986081,40.77740462949181],[-73.8914160577009,40.77633895673577],[-73.89183244772168,40.774880200557824],[-73.8900872941696,40.7777841926019],[-73.88947105399582,40.77553555197257],[-73.89019171520577,40.77364687672779],[-73.88945486771429,40.773532951628674],[-73.88772988070615,40.76691443487077],[-73.89089043605875,40.76585819861232],[-73.89432371955363,40.766146471735006],[-73.9172571472928,40.76985353036546],[-73.92398142850007,40.77461511268854],[-73.92302571392955,40.7753843098885],[-73.92375761264192,40.77654701252131],[-73.91796581369779,40.781256291967296],[-73.91996458704803,40.78263506903863],[-73.91717118646426,40.7841934843716],[-73.91259985845355,40.78937632963354],[-73.90985862925706,40.79094549428462],[-73.90677991420837,40.790375108150826],[-73.90647314610091,40.7901811752083]]]]}},{"type":"Feature","properties":{"nta2020":"QN0102","ntaname":"Old Astoria-Hallets Point","boroname":"Queens","ntatype":"0"},"geometry":{"type":"MultiPolygon","coordinates":[[[[-73.92827730766551,40.776898975826754],[-73.92398142850024,40.77461511268849],[-73.92780678506122,40.769889038658164],[-73.92647341110653,40.769271396247966],[-73.93036545982827,40.7644907508823],[-73.93618379675429,40.76769180216499],[-73.9342460961504,40.77102927567435],[-73.93746638537077,40.772531495125364],[-73.93785811756666,40.77408756897285],[-73.93474352945171,40.7780763353768],[-73.93178834239043,40.777870607104624],[-73.92988058500086,40.776221631902025],[-73.92839561053184,40.77679052956729],[-73.92827730766551,40.776898975826754]]]]}},{"type":"Feature","properties":{"nta2020":"QN0103","ntaname":"Astoria (Central)","boroname":"Queens","ntatype":"0"},"geometry":{"type":"MultiPolygon","coordinates":[[[[-73.91194025916087,40.76901015311978],[-73.9144990235603,40.76585640001886],[-73.91370071321843,40.76548023943927],[-73.91499211485011,40.76389230453765],[-73.91579117314488,40.76426777112949],[-73.92415699977637,40.75396114233148],[-73.93215200209738,40.75771038532681],[-73.92965061901405,40.760797762089204],[-73.93054963851196,40.76122060130232],[-73.92943440756808,40.762380093350565],[-73.93133626072911,40.76327644170063],[-73.92647341110653,40.769271396247966],[-73.92780678506122,40.769889038658164],[-73.92398142850024,40.77461511268849],[-73.91807875178459,40.77006199589546],[-73.91291677922973,40.76916129840852],[-73.91194025916087,40.76901015311978]]]]}},{"type":"Feature","properties":{"nta2020":"QN0104","ntaname":"Astoria (East)-Woodside (North)","boroname":"Queens","ntatype":"0"},"geometry":{"type":"MultiPolygon","coordinates":[[[[-73.90202516499477,40.76741678384683],[-73.90351227686666,40.7658494601136],[-73.90152851497294,40.759627895683224],[-73.89855492905029,40.7599241041633],[-73.89974199154351,40.75751157950044],[-73.89854223045789,40.75417011243211],[-73.9102312460241,40.752976523975086],[-73.91763192835664,40.75385784877941],[-73.92562743725453,40.752137244755154],[-73.91579117314488,40.76426777112949],[-73.91499211485011,40.76389230453765],[-73.91370071321843,40.76548023943927],[-73.9144990235603,40.76585640001886],[-73.91194025916087,40.76901015311978],[-73.90226637075733,40.767456944443985],[-73.90202516499477,40.76741678384683]]]]}},{"type":"Feature","properties":{"nta2020":"QN0105","ntaname":"Queensbridge-Ravenswood-Dutch Kills","boroname":"Queens","ntatype":"0"},"geometry":{"type":"MultiPolygon","coordinates":[[[[-73.93452730021298,40.77117677510306],[-73.93618379675429,40.76769180216499],[-73.93036545982827,40.7644907508823],[-73.93133626072911,40.76327644170063],[-73.92943440756808,40.762380093350565],[-73.93215200209738,40.75771038532681],[-73.92415699977637,40.75396114233148],[-73.92562743725453,40.752137244755154],[-73.93383269252406,40.7516047019395],[-73.93686355580832,40.7484212636472],[-73.93811714651464,40.749832708626116],[-73.95083917075976,40.75521808361636],[-73.94131174875348,40.76691800476947],[-73.93524016831186,40.76967932546315],[-73.93490481282649,40.771270641186845],[-73.93452730021298,40.77117677510306]]]]}},{"type":"Feature","properties":{"nta2020":"QN0151","ntaname":"Rikers Island","boroname":"Bronx","ntatype":"5"},"geometry":{"type":"MultiPolygon","coordinates":[[[[-73.87287195837615,40.78597502847435],[-73.87830679991396,40.78535662117804],[-73.88905212355026,40.78737256025746],[-73.89030135498923,40.78987672733488],[-73.89218182984825,40.79039427027926],[-73.89282283610926,40.792817081951654],[-73.89179289686568,40.79677524575884],[-73.88821348851359,40.79866530413621],[-73.88371602364711,40.795689838757056],[-73.87690341417036,40.7937754584677],[-73.87121154143406,40.790036122239954],[-73.87079504826823,40.78792901700153],[-73.87278846981363,40.786077976352345],[-73.87287195837615,40.78597502847435]]]]}},{"type":"Feature","properties":{"nta2020":"QN0161","ntaname":"Sunnyside Yards (North)","boroname":"Queens","ntatype":"6"},"geometry":{"type":"MultiPolygon","coordinates":[[[[-73.9102312460241,40.752976523975086],[-73.90984318491812,40.75163868049961],[-73.92053900018266,40.74975082835445],[-73.92161207959188,40.75137155212394],[-73.92463369381967,40.751643346331164],[-73.93609498888914,40.74973153087829],[-73.93227623247458,40.75195388670734],[-73.92562743725453,40.752137244755154],[-73.91763192835664,40.75385784877941],[-73.91067474764874,40.75299507682656],[-73.9102312460241,40.752976523975086]]]]}},{"type":"Feature","properties":{"nta2020":"QN0171","ntaname":"St. Michael's Cemetery","boroname":"Queens","ntatype":"7"},"geometry":{"type":"MultiPolygon","coordinates":[[[[-73.89432371955363,40.76614647173497],[-73.8987725072315,40.75991557716743],[-73.90152851497294,40.759627895683224],[-73.90351227686666,40.7658494601136],[-73.90217951656335,40.7673158415008],[-73.89454354842997,40.766184712578564],[-73.89432371955363,40.76614647173497]]]]}},{"type":"Feature","properties":{"nta2020":"QN0191","ntaname":"Astoria Park","boroname":"Queens","ntatype":"9"},"geometry":{"type":"MultiPolygon","coordinates":[[[[-73.92398142850024,40.77461511268849],[-73.92827730766551,40.776898975826754],[-73.91996458704807,40.7826350690386],[-73.91796581369779,40.781256291967246],[-73.92375761264202,40.77654701252128],[-73.92334041414074,40.775128912055],[-73.92398142850024,40.77461511268849]]]]}},{"type":"Feature","properties":{"nta2020":"QN0201","ntaname":"Long Island City-Hunters Point","boroname":"Queens","ntatype":"0"},"geometry":{"type":"MultiPolygon","coordinates":[[[[-73.93686355580832,40.74842126364724],[-73.94419561612075,40.74288214660561],[-73.93726110650226,40.745176490733606],[-73.9386796880221,40.73820830246165],[-73.94146173397083,40.739248583627024],[-73.93866991753184,40.742534082025145],[-73.9400192297566,40.743208272210936],[-73.94159470030033,40.73986412616913],[-73.9454823659007,40.73820703179651],[-73.95380883920839,40.739820292978116],[-73.96072580373679,40.73808017017932],[-73.96260819684821,40.73879553796766],[-73.96124697945442,40.74042359711535],[-73.96193749932249,40.740794878815585],[-73.96119029722934,40.74264485525967],[-73.95977470797789,40.74350468420323],[-73.96056856726295,40.744029666585185],[-73.95877537004449,40.74455560036616],[-73.95966590521529,40.74517030007996],[-73.95849389303115,40.74498786491641],[-73.95933786844711,40.74550760689611],[-73.95704097276808,40.7489203513766],[-73.95318382492817,40.74773481246369],[-73.95620136735029,40.749685633323665],[-73.9550665256012,40.74963273087819],[-73.95083917075965,40.755218083616406],[-73.93739653627895,40.74891644046529],[-73.93686355580832,40.74842126364724]]]]}},{"type":"Feature","properties":{"nta2020":"QN0202","ntaname":"Sunnyside","boroname":"Queens","ntatype":"0"},"geometry":{"type":"MultiPolygon","coordinates":[[[[-73.90971148153095,40.74975470947739],[-73.9101499308649,40.748521572909254],[-73.9119097896876,40.74810539493411],[-73.91244853783171,40.7459204027123],[-73.91124722195144,40.74578399353917],[-73.9119870407896,40.74218897978199],[-73.91382781904143,40.742413689124284],[-73.91443483151015,40.74053105397926],[-73.91573535607311,40.74079155985525],[-73.91689741755664,40.73544470881869],[-73.91881437666355,40.73320765485049],[-73.91902180336837,40.73208783911261],[-73.91731464144377,40.731441749355795],[-73.91836395128227,40.72593088310013],[-73.93648138613977,40.72968652034431],[-73.93911054508747,40.731379806525375],[-73.94162472636474,40.73584144233838],[-73.94594215414013,40.737507120937195],[-73.94146173397093,40.73924858362698],[-73.9386796880222,40.73820830246161],[-73.93769681500213,40.745238575264224],[-73.92677093824727,40.747592428305616],[-73.92079784667062,40.74689069172745],[-73.92034233070606,40.74915896087421],[-73.9116252233252,40.749979410447594],[-73.90971148153095,40.74975470947739]]]]}},{"type":"Feature","properties":{"nta2020":"QN0203","ntaname":"Woodside","boroname":"Queens","ntatype":"0"},"geometry":{"type":"MultiPolygon","coordinates":[[[[-73.89564469726287,40.74847370607988],[-73.89088670228641,40.74068724516353],[-73.89469075852743,40.740232139182204],[-73.88725300716398,40.73883597461871],[-73.88753539950608,40.73676254300579],[-73.89136855506156,40.73606133167993],[-73.88936177643157,40.73583833771049],[-73.88852285901477,40.734531160015514],[-73.89854772669649,40.735191910683234],[-73.90107970834157,40.733914635281465],[-73.90516948771564,40.73585964312785],[-73.90628903408064,40.73240075153316],[-73.91068876335082,40.73347108174243],[-73.90755490341012,40.7416645644079],[-73.9119870407896,40.74218897978199],[-73.91124722195144,40.74578399353917],[-73.91244853783171,40.7459204027123],[-73.9119097896876,40.74810539493411],[-73.9101499308649,40.748521572909254],[-73.90945182619186,40.750655506888926],[-73.9102312460241,40.752976523975086],[-73.89873816340153,40.75415367093812],[-73.89572779125476,40.74851104403162],[-73.89564469726287,40.74847370607988]]]]}},{"type":"Feature","properties":{"nta2020":"QN0261","ntaname":"Sunnyside Yards (South)","boroname":"Queens","ntatype":"6"},"geometry":{"type":"MultiPolygon","coordinates":[[[[-73.90971148153095,40.74975470947739],[-73.9144499581814,40.75021537863412],[-73.92034233070606,40.74915896087421],[-73.92079784667062,40.74689069172745],[-73.92677093824727,40.747592428305616],[-73.94419561612075,40.742882146605574],[-73.94342742773834,40.74423117299754],[-73.93151911912288,40.751152456340364],[-73.9225504293552,40.75157648013698],[-73.92053900018266,40.74975082835445],[-73.90984318491812,40.75163868049961],[-73.9095162248275,40.7504416604041],[-73.90971148153095,40.74975470947739]]]]}},{"type":"Feature","properties":{"nta2020":"QN0271","ntaname":"Calvary & Mount Zion Cemeteries","boroname":"Queens","ntatype":"7"},"geometry":{"type":"MultiPolygon","coordinates":[[[[-73.9119870407896,40.74218897978199],[-73.90755490341012,40.7416645644079],[-73.91068876335082,40.73347108174243],[-73.90628903408064,40.73240075153316],[-73.90516948771564,40.73585964312785],[-73.90107970834157,40.733914635281465],[-73.90706867229271,40.72746652344227],[-73.91173061792142,40.729964124082905],[-73.91204824987389,40.728541407777],[-73.91796696574369,40.728500770628514],[-73.91731464144377,40.731441749355795],[-73.91902180336837,40.73208783911261],[-73.91881437666355,40.73320765485049],[-73.91689741755664,40.73544470881869],[-73.91573535607311,40.74079155985525],[-73.91443483151015,40.74053105397926],[-73.91382781904143,40.742413689124284],[-73.91260406032863,40.742264975231734],[-73.9119870407896,40.74218897978199]]]]}},{"type":"Feature","properties":{"nta2020":"QN0301","ntaname":"Jackson Heights","boroname":"Queens","ntatype":"0"},"geometry":{"type":"MultiPolygon","coordinates":[[[[-73.8736572171208,40.756803485602184],[-73.8694245844896,40.74915685151845],[-73.89175048638339,40.74681172763542],[-73.8963586964246,40.74877029023691],[-73.89974199154351,40.75751157950044],[-73.89432371955363,40.76614647173497],[-73.89089043605885,40.76585819861232],[-73.88772988070632,40.76691443487074],[-73.88639712234833,40.76121645324452],[-73.87601371794547,40.761443732138886],[-73.87513874233443,40.75663381606016],[-73.87420803006928,40.75673156282343],[-73.8736572171208,40.756803485602184]]]]}},{"type":"Feature","properties":{"nta2020":"QN0302","ntaname":"East Elmhurst","boroname":"Queens","ntatype":"0"},"geometry":{"type":"MultiPolygon","coordinates":[[[[-73.86093691422919,40.7637286154913],[-73.85912375729214,40.76127549915759],[-73.85463995663274,40.758466157765206],[-73.87513874233443,40.75663381606016],[-73.87601371794547,40.761443732138886],[-73.88639712234833,40.76121645324452],[-73.88772988070632,40.76691443487074],[-73.87753612209406,40.77125312020887],[-73.87259590943476,40.771830944829325],[-73.86720931914174,40.76973298260387],[-73.86165883973725,40.76460194160916],[-73.86093691422919,40.7637286154913]]]]}},{"type":"Feature","properties":{"nta2020":"QN0303","ntaname":"North Corona","boroname":"Queens","ntatype":"0"},"geometry":{"type":"MultiPolygon","coordinates":[[[[-73.85220450477739,40.752660682361785],[-73.86111707530164,40.75002422886752],[-73.8694245844896,40.74915685151845],[-73.8736572171208,40.756803485602184],[-73.85463995663274,40.758466157765206],[-73.85246329522094,40.753127409936695],[-73.85220450477739,40.752660682361785]]]]}},{"type":"Feature","properties":{"nta2020":"QN0401","ntaname":"Elmhurst","boroname":"Queens","ntatype":"0"},"geometry":{"type":"MultiPolygon","coordinates":[[[[-73.86462193356107,40.73428169011493],[-73.88005274315167,40.72899068625354],[-73.8872048245606,40.72786882893659],[-73.88852285901477,40.734531160015514],[-73.88936177643157,40.73583833771049],[-73.89137858997476,40.735918312996155],[-73.88753539950608,40.73676254300579],[-73.88725300716398,40.73883597461871],[-73.89469075852743,40.740232139182204],[-73.89088670228641,40.74068724516353],[-73.89564469726287,40.74847370607988],[-73.89175048638339,40.74681172763542],[-73.8694245844896,40.74915685151845],[-73.86756253362448,40.740941889595774],[-73.86481505246374,40.734660215824995],[-73.86462193356107,40.73428169011493]]]]}},{"type":"Feature","properties":{"nta2020":"QN0402","ntaname":"Corona","boroname":"Queens","ntatype":"0"},"geometry":{"type":"MultiPolygon","coordinates":[[[[-73.84755579631894,40.739063915743635],[-73.86462193356107,40.73428169011493],[-73.86756253362448,40.740941889595774],[-73.8694245844896,40.74915685151845],[-73.86111707530164,40.75002422886752],[-73.85220450477739,40.752660682361785],[-73.85086439577863,40.74999564187307],[-73.85442575165439,40.74885172738613],[-73.85011556548316,40.74072356279743],[-73.8476703367304,40.73919523544995],[-73.84755579631894,40.739063915743635]]]]}},{"type":"Feature","properties":{"nta2020":"QN0501","ntaname":"Maspeth","boroname":"Queens","ntatype":"0"},"geometry":{"type":"MultiPolygon","coordinates":[[[[-73.88852285901477,40.734531160015514],[-73.88707712051257,40.724637701845],[-73.88258786884484,40.725082765284796],[-73.88163408963928,40.723880454012686],[-73.89423532406491,40.71792437978085],[-73.8928625677604,40.71921070577881],[-73.89473892399079,40.72157729339405],[-73.89426494144978,40.72314318891679],[-73.89582380640651,40.72389882212871],[-73.90011223589211,40.72330816565856],[-73.8998161002817,40.721236901284854],[-73.8973970477915,40.72155120995722],[-73.89736598317032,40.72046438387832],[-73.90062644361817,40.71976405404416],[-73.90033904209324,40.71801994856641],[-73.89834760053333,40.71919767856984],[-73.89726757777942,40.71814715656215],[-73.89901820945803,40.71738212746651],[-73.89506469374547,40.71247956272748],[-73.92404011245955,40.71400831262851],[-73.92366895697221,40.71553556743527],[-73.9205690553611,40.716003708340814],[-73.9222376112428,40.71638244099685],[-73.92519872182672,40.72244542357399],[-73.92442298754985,40.7235899749812],[-73.9203706423579,40.72368111281607],[-73.92528222312207,40.72472087389924],[-73.9284859115421,40.72775858067109],[-73.9279089274922,40.72825331631524],[-73.91836395128227,40.72593088310013],[-73.91796696574369,40.728500770628514],[-73.91204824987389,40.728541407777],[-73.91173061792142,40.729964124082905],[-73.90706867229271,40.72746652344227],[-73.89982513040265,40.73493139501915],[-73.88910318916383,40.73459239646196],[-73.88852285901477,40.734531160015514]]]]}},{"type":"Feature","properties":{"nta2020":"QN0502","ntaname":"Ridgewood","boroname":"Queens","ntatype":"0"},"geometry":{"type":"MultiPolygon","coordinates":[[[[-73.89506469374547,40.71247956272748],[-73.88842000644362,40.71226995777938],[-73.88731119081702,40.71055891587812],[-73.88929924389514,40.707899569803494],[-73.88554946851846,40.70615461853382],[-73.8898433014183,40.70497240219519],[-73.89500322618817,40.69971237796606],[-73.89558457583472,40.69712764200624],[-73.89838185109375,40.696135997501685],[-73.90139840574003,40.69158999203721],[-73.90579597009139,40.69412715601634],[-73.90426018345657,40.695700371442825],[-73.9118068203699,40.69994688252277],[-73.91067882671317,40.701045969566344],[-73.91290404033842,40.70236189179874],[-73.91180709937288,40.703434952528376],[-73.92189184632589,40.70939609721312],[-73.92074853049758,40.71053364895845],[-73.92404011245955,40.71400831262851],[-73.89590385992382,40.71250695922962],[-73.89506469374547,40.71247956272748]]]]}},{"type":"Feature","properties":{"nta2020":"QN0503","ntaname":"Glendale","boroname":"Queens","ntatype":"0"},"geometry":{"type":"MultiPolygon","coordinates":[[[[-73.85729287192218,40.71146767719115],[-73.85667714278766,40.70769187446505],[-73.85593793979514,40.70639628822719],[-73.85471652431808,40.7067694968294],[-73.85470823889172,40.705210974814655],[-73.85252018988406,40.70229172361688],[-73.85529275816589,40.70259550178674],[-73.85827405761421,40.70122365990838],[-73.85893224244882,40.701320345427305],[-73.8580845148311,40.70289677765264],[-73.86280855583294,40.70341091580511],[-73.87639785062429,40.70229404227518],[-73.87621714111846,40.701595005488045],[-73.88174317583888,40.69953389506322],[-73.88280948430287,40.70068345565604],[-73.88771297954062,40.69967807635778],[-73.88783456925324,40.6976579484022],[-73.88648530276926,40.6964399152595],[-73.88865416765059,40.69582954889939],[-73.88818204912515,40.69505776803751],[-73.89190386108368,40.69431533708753],[-73.89245207558912,40.69522572929158],[-73.8955862536911,40.69397916251387],[-73.8932620980334,40.692200947458545],[-73.89695653441352,40.69194920811647],[-73.89736265666656,40.6941108479019],[-73.90003039084218,40.69343745124335],[-73.89838185109375,40.696135997501685],[-73.89558457583472,40.69712764200624],[-73.89500322618817,40.69971237796606],[-73.88911917685428,40.70559887789942],[-73.86911007026978,40.707089336763666],[-73.87017879970772,40.70923187162264],[-73.8596541674942,40.71337996208153],[-73.85975932730761,40.711845059783215],[-73.85818745232154,40.71159954606197],[-73.85729287192218,40.71146767719115]]]]}},{"type":"Feature","properties":{"nta2020":"QN0504","ntaname":"Middle Village","boroname":"Queens","ntatype":"0"},"geometry":{"type":"MultiPolygon","coordinates":[[[[-73.86547610782141,40.72028093825461],[-73.8723917118283,40.71783057869373],[-73.87154693230556,40.7125969478758],[-73.86911007026978,40.707089336763666],[-73.88088332654698,40.706453978273],[-73.87761134046428,40.70716770625018],[-73.8800626757471,40.712652573688274],[-73.88687942908237,40.71222318607758],[-73.88773734792672,40.713636134929565],[-73.88725557877292,40.71497413044565],[-73.89063515929506,40.71881274644736],[-73.89301489203416,40.71615028449025],[-73.89423532406491,40.71792437978085],[-73.88163408963928,40.723880454012686],[-73.88258786884484,40.725082765284796],[-73.88707712051257,40.724637701845],[-73.8872048245606,40.72786882893659],[-73.87523717426548,40.73072395864231],[-73.87146074117443,40.72932637413712],[-73.86929270423025,40.72443592947432],[-73.8660417599851,40.72090092259979],[-73.86547610782141,40.72028093825461]]]]}},{"type":"Feature","properties":{"nta2020":"QN0571","ntaname":"Mount Olivet & All Faiths Cemeteries","boroname":"Queens","ntatype":"7"},"geometry":{"type":"MultiPolygon","coordinates":[[[[-73.89423532406491,40.71792437978085],[-73.89301489203416,40.71615028449025],[-73.89063515929506,40.71881274644736],[-73.88725557877292,40.71497413044565],[-73.88773734792672,40.713636134929565],[-73.88687942908237,40.71222318607758],[-73.89506469374547,40.71247956272748],[-73.89901820945803,40.71738212746651],[-73.89726757777942,40.71814715656215],[-73.89834760053333,40.71919767856984],[-73.90033904209324,40.71801994856641],[-73.90062644361817,40.71976405404416],[-73.89736598317032,40.72046438387832],[-73.8973970477915,40.72155120995722],[-73.8998161002817,40.721236901284854],[-73.90011223589211,40.72330816565856],[-73.89582380640651,40.72389882212871],[-73.89426494144978,40.72314318891679],[-73.89473892399079,40.72157729339405],[-73.8928625677604,40.71921070577881],[-73.8945750270531,40.71837744972756],[-73.89423532406491,40.71792437978085]]]]}},{"type":"Feature","properties":{"nta2020":"QN0572","ntaname":"Middle Village Cemetery","boroname":"Queens","ntatype":"7"},"geometry":{"type":"MultiPolygon","coordinates":[[[[-73.88088332654698,40.706453978273],[-73.88553214158814,40.7064456832489],[-73.88929924389514,40.707899569803494],[-73.88731119081702,40.71055891587812],[-73.88842000644362,40.71226995777938],[-73.8800626757471,40.712652573688274],[-73.87761134046428,40.70716770625018],[-73.88086188417752,40.706584729365254],[-73.88088332654698,40.706453978273]]]]}},{"type":"Feature","properties":{"nta2020":"QN0573","ntaname":"St. John Cemetery","boroname":"Queens","ntatype":"7"},"geometry":{"type":"MultiPolygon","coordinates":[[[[-73.8596541674942,40.71337996208153],[-73.87017879970772,40.70923187162264],[-73.8723917118283,40.71783057869373],[-73.86547610782141,40.72028093825461],[-73.85964254641584,40.713493145347584],[-73.8596541674942,40.71337996208153]]]]}},{"type":"Feature","properties":{"nta2020":"QN0574","ntaname":"Highland Park-Cypress Hills Cemeteries (North)","boroname":"Queens","ntatype":"7"},"geometry":{"type":"MultiPolygon","coordinates":[[[[-73.8689176262462,40.695146562016056],[-73.87402053240578,40.69419129572023],[-73.87950641088634,40.691146770014655],[-73.88452250891285,40.686684749765206],[-73.88962787424639,40.68423645475421],[-73.89015418672706,40.685003990977364],[-73.89258303036219,40.683491911389325],[-73.89417463179072,40.685283248672555],[-73.89646625062831,40.68233642297806],[-73.90116154928245,40.68787793602472],[-73.90042464980966,40.688183899378444],[-73.90188776166707,40.691077721077846],[-73.90020195659926,40.693398462374134],[-73.89736265666656,40.6941108479019],[-73.89695653441352,40.69194920811647],[-73.8932620980334,40.692200947458545],[-73.8955862536911,40.69397916251387],[-73.89245207558912,40.69522572929158],[-73.89190386108368,40.69431533708753],[-73.88818204912515,40.69505776803751],[-73.88865416765059,40.69582954889939],[-73.88648530276926,40.6964399152595],[-73.88783456925324,40.6976579484022],[-73.88771297954062,40.69967807635778],[-73.88280948430287,40.70068345565604],[-73.88174317583888,40.69953389506322],[-73.87621714111846,40.701595005488045],[-73.87639785062429,40.70229404227518],[-73.86915596091336,40.70289343416234],[-73.86931433152246,40.699355148004855],[-73.87051403531562,40.697599071067906],[-73.8689176262462,40.695146562016056]]]]}},{"type":"Feature","properties":{"nta2020":"QN0601","ntaname":"Rego Park","boroname":"Queens","ntatype":"0"},"geometry":{"type":"MultiPolygon","coordinates":[[[[-73.85877141151009,40.735785289538065],[-73.85625664948243,40.73095912309851],[-73.85851097754131,40.73028680330544],[-73.85762923515857,40.728606921813835],[-73.85941987945064,40.72646483756206],[-73.85727107984803,40.725681298088084],[-73.85805416739869,40.72444540610082],[-73.86203833783489,40.725956785406034],[-73.85868097494433,40.72261244048231],[-73.85729287192218,40.71146767719115],[-73.85975932730761,40.711845059783215],[-73.86003789787706,40.714932235723076],[-73.86929270423025,40.72443592947432],[-73.87146074117443,40.72932637413712],[-73.87523717426548,40.73072395864231],[-73.8588655562166,40.73593913930966],[-73.85877141151009,40.735785289538065]]]]}},{"type":"Feature","properties":{"nta2020":"QN0602","ntaname":"Forest Hills","boroname":"Queens","ntatype":"0"},"geometry":{"type":"MultiPolygon","coordinates":[[[[-73.83097820817336,40.714313605287636],[-73.84453738714153,40.70866105563943],[-73.8493315614799,40.708388333680105],[-73.85593793979514,40.70639628822719],[-73.85868097494433,40.72261244048231],[-73.86203833783489,40.725956785406034],[-73.85805416739869,40.72444540610082],[-73.85727107984803,40.725681298088084],[-73.85941987945064,40.72646483756206],[-73.85762923515857,40.728606921813835],[-73.85851097754131,40.73028680330544],[-73.85625664948243,40.73095912309851],[-73.85877141151009,40.735785289538065],[-73.84689366105576,40.738671217393154],[-73.84418886465552,40.732642019579956],[-73.83985434224356,40.7281775697852],[-73.83488359346718,40.71930327241618],[-73.82983328300575,40.7155677836586],[-73.83103141613616,40.714336726264335],[-73.83097820817336,40.714313605287636]]]]}},{"type":"Feature","properties":{"nta2020":"QN0701","ntaname":"College Point","boroname":"Queens","ntatype":"0"},"geometry":{"type":"MultiPolygon","coordinates":[[[[-73.83923558994489,40.76563158757176],[-73.83935912159866,40.765409871852285],[-73.8394581331383,40.76544576895956],[-73.83913189197197,40.76599110607021],[-73.83905334881253,40.765958678098045],[-73.83923558994489,40.76563158757176]]],[[[-73.86788407470766,40.78736103669476],[-73.86923491611483,40.78596991541737],[-73.86809912257888,40.787458661818576],[-73.86788407470766,40.78736103669476]]],[[[-73.83839013354552,40.798304872076145],[-73.84025860809137,40.797588858432334],[-73.83840083077962,40.79675525830704],[-73.83706498880147,40.79385109892895],[-73.83728017293755,40.78900947510495],[-73.83565808161079,40.78957267098123],[-73.83347264458895,40.78845709831367],[-73.83144187749333,40.78917318814092],[-73.83169117583219,40.79106984794307],[-73.82779277842657,40.793295389199514],[-73.82880962943086,40.796183767898675],[-73.83052227564221,40.79639496990469],[-73.82742422822851,40.796748674971404],[-73.82703055823802,40.7977184574158],[-73.82248565604507,40.78949025409429],[-73.82498992933844,40.78170146368238],[-73.83015693041679,40.77382474231787],[-73.83626891661395,40.769609971650674],[-73.83925621702691,40.766034209638896],[-73.83975387982275,40.767120444435925],[-73.84491332846123,40.765528387676135],[-73.84780575104429,40.76677294817186],[-73.84899656302136,40.76914831350337],[-73.84867152868738,40.77076157340527],[-73.85130108374364,40.771806361300385],[-73.84995162517421,40.771958298374656],[-73.848976198672,40.77356166795714],[-73.84895559325422,40.777961673731504],[-73.84963631633597,40.77948192035175],[-73.85148755480544,40.778992977612575],[-73.84981720066122,40.77963034755178],[-73.85238832778408,40.77952890238712],[-73.84982102259755,40.779651339304095],[-73.8516709916224,40.780035228878305],[-73.84949381208203,40.780065828616955],[-73.8509364639654,40.781119575156204],[-73.84925258182844,40.78226477501422],[-73.85528242786702,40.78197538384753],[-73.85545062835031,40.78314307863596],[-73.85808318103429,40.783724078339276],[-73.85797958218285,40.78466877980185],[-73.85950833484766,40.7855349344499],[-73.85812817158505,40.78705156105845],[-73.85681133765593,40.78667261319477],[-73.85284230133762,40.788211372242685],[-73.85480194733205,40.7886191547261],[-73.8544719407123,40.79025897531977],[-73.8526583069305,40.791106420610525],[-73.85377854910706,40.79242127400726],[-73.85263098256245,40.79494485424489],[-73.84906160768959,40.793362610297805],[-73.84870999361341,40.79541648129005],[-73.84624420656033,40.79616309543732],[-73.84354668938991,40.79491394401068],[-73.84328497194205,40.79617439268523],[-73.84225959368347,40.79558496893752],[-73.8428667525937,40.79692222907211],[-73.84142122729111,40.79514695145779],[-73.84041517909824,40.79767843675542],[-73.83787044050948,40.79844190861341],[-73.83839013354552,40.798304872076145]]]]}},{"type":"Feature","properties":{"nta2020":"QN0702","ntaname":"Whitestone-Beechhurst","boroname":"Queens","ntatype":"0"},"geometry":{"type":"MultiPolygon","coordinates":[[[[-73.79186139966966,40.789299916453565],[-73.7905830092439,40.78813068393343],[-73.79494008922235,40.786275007036245],[-73.80242243472784,40.78601897987739],[-73.80379022821839,40.7756101127967],[-73.81485850501342,40.7764859231172],[-73.81452997736083,40.77888817487941],[-73.82331286855239,40.77957865983422],[-73.82224127572,40.7816938794787],[-73.82498992933844,40.78170146368238],[-73.82247344373356,40.790173256477665],[-73.82703055823802,40.7977184574158],[-73.82504612538257,40.79738480723437],[-73.82049919995312,40.80101146781918],[-73.81369963725258,40.79707941566529],[-73.81335317201021,40.79766895646071],[-73.81350297416049,40.796944258705935],[-73.81225365567325,40.79812694629929],[-73.80539573274982,40.79617082151353],[-73.80323841161633,40.797078467159004],[-73.79766994008872,40.79599382238191],[-73.79439061537387,40.79481220360178],[-73.79478261037299,40.791302820674154],[-73.79372761531064,40.789035344407345],[-73.79191510216276,40.789260121392196],[-73.79186139966966,40.789299916453565]]]]}},{"type":"Feature","properties":{"nta2020":"QN0703","ntaname":"Bay Terrace-Clearview","boroname":"Queens","ntatype":"0"},"geometry":{"type":"MultiPolygon","coordinates":[[[[-73.78171460726156,40.79053031998581],[-73.7740960982874,40.78629656597283],[-73.76820055460033,40.779444179191145],[-73.7667757037411,40.77981245819599],[-73.76816173051576,40.779396821242194],[-73.76760454567845,40.77829903415702],[-73.76861267825937,40.77909521106401],[-73.7755373218135,40.77702559797934],[-73.7758395817773,40.7786123731144],[-73.79565701988966,40.77303608721581],[-73.7985300933913,40.77519072888207],[-73.80379022821845,40.7756101127967],[-73.80242243472773,40.78601897987739],[-73.79494008922224,40.786275007036245],[-73.79058300924375,40.78813068393346],[-73.79186139966954,40.789299916453594],[-73.79028202353355,40.79031696289745],[-73.78253080663518,40.79127678943212],[-73.78434152993464,40.791749353793804],[-73.78173966645147,40.79099564182439],[-73.78171460726156,40.79053031998581]]]]}},{"type":"Feature","properties":{"nta2020":"QN0704","ntaname":"Murray Hill-Broadway Flushing","boroname":"Queens","ntatype":"0"},"geometry":{"type":"MultiPolygon","coordinates":[[[[-73.80379022821839,40.7756101127967],[-73.7985300933913,40.77519072888204],[-73.79317944423835,40.770403177725676],[-73.79343991080363,40.760764127960265],[-73.79076004554386,40.76098576942364],[-73.79031516842448,40.757823450587665],[-73.79493246101809,40.75779803007236],[-73.8003003897138,40.75970229914358],[-73.8110496301882,40.76141702158745],[-73.82063593185151,40.758872267845774],[-73.82348245124568,40.76465179236624],[-73.82466908878068,40.770407607806455],[-73.83054572477742,40.7702236831603],[-73.83058462325141,40.7716388752165],[-73.83151692468128,40.77165764985647],[-73.82528484048761,40.7816972923255],[-73.82224127572,40.7816938794787],[-73.82331286855239,40.77957865983422],[-73.81452997736083,40.77888817487941],[-73.81485850501342,40.7764859231172],[-73.80659228318486,40.77583186152588],[-73.80379022821839,40.7756101127967]]]]}},{"type":"Feature","properties":{"nta2020":"QN0705","ntaname":"East Flushing","boroname":"Queens","ntatype":"0"},"geometry":{"type":"MultiPolygon","coordinates":[[[[-73.79493246101809,40.75779803007236],[-73.79472141191256,40.75062131979514],[-73.79729524633105,40.74943505288953],[-73.79472264877985,40.74759933020805],[-73.79457976040996,40.746402683486714],[-73.80335214064682,40.74643196519029],[-73.80287666422223,40.74976515017333],[-73.80750599258123,40.75013658725931],[-73.81416171989086,40.74613858082959],[-73.82108427436813,40.74855844694599],[-73.82426493808411,40.75183288858868],[-73.82191828734253,40.75317308071225],[-73.82084928748625,40.752241544924296],[-73.81840782792052,40.75383042207662],[-73.82030067670415,40.755514980724726],[-73.8178924559545,40.75708633898605],[-73.82063593185151,40.758872267845774],[-73.8110496301882,40.76141702158745],[-73.79580437588687,40.75809121700371],[-73.79493246101809,40.75779803007236]]]]}},{"type":"Feature","properties":{"nta2020":"QN0706","ntaname":"Queensboro Hill","boroname":"Queens","ntatype":"0"},"geometry":{"type":"MultiPolygon","coordinates":[[[[-73.81416171989086,40.74613858082959],[-73.81430884781608,40.742973773568416],[-73.79695065232302,40.74193303565002],[-73.79629297225534,40.738552306430535],[-73.8167795953239,40.73837979389538],[-73.82485496149478,40.739829363929275],[-73.82796455084349,40.73850320445289],[-73.8280915257704,40.73708317627821],[-73.82946751842844,40.7370244827513],[-73.83133868363664,40.7391706310632],[-73.83115549354883,40.74234091794378],[-73.83591564809706,40.743430893894335],[-73.83411432962475,40.747357310326564],[-73.82786693834733,40.74981128558682],[-73.82584440827102,40.749348392102114],[-73.82576557247215,40.75096902425292],[-73.82426493808411,40.75183288858868],[-73.82108427436813,40.74855844694599],[-73.81477152563609,40.74668237148102],[-73.81416171989086,40.74613858082959]]]]}},{"type":"Feature","properties":{"nta2020":"QN0707","ntaname":"Flushing-Willets Point","boroname":"Queens","ntatype":"0"},"geometry":{"type":"MultiPolygon","coordinates":[[[[-73.82063593185151,40.758872267845774],[-73.8178924559545,40.75708633898605],[-73.82030067670415,40.755514980724726],[-73.81840782792052,40.75383042207662],[-73.82084928748625,40.752241544924296],[-73.82191828734253,40.75317308071225],[-73.82576557247215,40.75096902425292],[-73.82584440827102,40.749348392102114],[-73.8276564180309,40.74986083084326],[-73.83300301897044,40.747833989797286],[-73.83229535672847,40.75194179113857],[-73.83559153783257,40.751377132770244],[-73.83861858898014,40.75704484639162],[-73.843243813566,40.7553368037672],[-73.84670933597923,40.76134526913537],[-73.84272819396486,40.76462854893189],[-73.83935912159866,40.765409871852285],[-73.83721938162334,40.76874306939172],[-73.83159305635508,40.772560020472646],[-73.83054572477742,40.7702236831603],[-73.82466908878068,40.770407607806455],[-73.82348245124568,40.76465179236624],[-73.82080684792837,40.7589417833156],[-73.82063593185151,40.758872267845774]]]]}},{"type":"Feature","properties":{"nta2020":"QN0761","ntaname":"Fort Totten","boroname":"Queens","ntatype":"6"},"geometry":{"type":"MultiPolygon","coordinates":[[[[-73.77197468102851,40.787361690089085],[-73.77434609085716,40.78677223413265],[-73.77633728752417,40.788487226255235],[-73.7740960982874,40.78629656597283],[-73.78120521665697,40.789587914389735],[-73.7817470869697,40.79113340664349],[-73.78077892415659,40.79318978636535],[-73.78168372741982,40.79332175751187],[-73.7807918191835,40.79403591986164],[-73.78325876098738,40.794923914797835],[-73.77936246738466,40.79668539320385],[-73.77617885887067,40.79609605336164],[-73.77063124449437,40.78846290553303],[-73.77190205614731,40.78738659599616],[-73.77197468102851,40.787361690089085]]]]}},{"type":"Feature","properties":{"nta2020":"QN0791","ntaname":"Kissena Park","boroname":"Queens","ntatype":"9"},"geometry":{"type":"MultiPolygon","coordinates":[[[[-73.79457976040996,40.746402683486714],[-73.79465004664533,40.744248080552964],[-73.79695065232302,40.74193303565002],[-73.81430884781608,40.742973773568416],[-73.81416171989086,40.74613858082959],[-73.80750599258123,40.75013658725931],[-73.80287666422223,40.74976515017333],[-73.80335214064682,40.74643196519029],[-73.79468101362406,40.746404628250716],[-73.79457976040996,40.746402683486714]]]]}},{"type":"Feature","properties":{"nta2020":"QN0801","ntaname":"Kew Gardens Hills","boroname":"Queens","ntatype":"0"},"geometry":{"type":"MultiPolygon","coordinates":[[[[-73.81497208191401,40.73856071556801],[-73.81523144757128,40.728793913060386],[-73.81069693652204,40.726190331378],[-73.80782231744779,40.715911466481614],[-73.81730551782393,40.715785580359224],[-73.8201156566577,40.71651419398225],[-73.81952343803869,40.71733973320205],[-73.82531220451494,40.71734501287273],[-73.82730900361362,40.72464607749657],[-73.83057961302387,40.72639635153888],[-73.83386267065022,40.7305531890079],[-73.82566535329194,40.732279578377415],[-73.82485496149478,40.739829363929275],[-73.81501663755382,40.7385585446313],[-73.81497208191401,40.73856071556801]]]]}},{"type":"Feature","properties":{"nta2020":"QN0802","ntaname":"Pomonok-Electchester-Hillcrest","boroname":"Queens","ntatype":"0"},"geometry":{"type":"MultiPolygon","coordinates":[[[[-73.80466748100518,40.73844509381072],[-73.80273054853018,40.73808407326076],[-73.80406666021152,40.731641987799556],[-73.7986576123479,40.731428367240525],[-73.79856392872225,40.732857567272234],[-73.79397708648688,40.73229685316553],[-73.79045149257216,40.72355453232487],[-73.79070834383194,40.7192686520274],[-73.80784387489497,40.715999734066],[-73.81069693652204,40.726190331378],[-73.81523144757128,40.728793913060386],[-73.8150571454396,40.73898684741522],[-73.80471554575686,40.738445453083834],[-73.80466748100518,40.73844509381072]]]]}},{"type":"Feature","properties":{"nta2020":"QN0803","ntaname":"Fresh Meadows-Utopia","boroname":"Queens","ntatype":"0"},"geometry":{"type":"MultiPolygon","coordinates":[[[[-73.77757506815995,40.73019327580592],[-73.79174472581707,40.725788850394274],[-73.7942776733323,40.73269614631348],[-73.79856392872225,40.732857567272234],[-73.7986576123479,40.731428367240525],[-73.80406666021152,40.731641987799556],[-73.80273054853018,40.73808407326076],[-73.80466748100518,40.73844509381072],[-73.79641178366118,40.73832532618916],[-73.77575892512752,40.74336722747142],[-73.77010830568058,40.73177950841342],[-73.77667996721759,40.73043109537782],[-73.77757506815995,40.73019327580592]]]]}},{"type":"Feature","properties":{"nta2020":"QN0804","ntaname":"Jamaica Estates-Holliswood","boroname":"Queens","ntatype":"0"},"geometry":{"type":"MultiPolygon","coordinates":[[[[-73.77738048864606,40.72244906356447],[-73.77286784074273,40.72486798562724],[-73.76544843498029,40.72647468101892],[-73.75688011226855,40.72627860534325],[-73.75496919396734,40.72415964730778],[-73.76733228086881,40.717289796810775],[-73.79303799920264,40.71071107542323],[-73.7935857023335,40.71412867817347],[-73.79030267341497,40.7208914654583],[-73.79174472581701,40.725788850394274],[-73.77757506815995,40.73019327580595],[-73.77523387094588,40.72523753382763],[-73.7780376580273,40.72328426871321],[-73.77757868051184,40.72264221857492],[-73.77738048864606,40.72244906356447]]]]}},{"type":"Feature","properties":{"nta2020":"QN0805","ntaname":"Jamaica Hills-Briarwood","boroname":"Queens","ntatype":"0"},"geometry":{"type":"MultiPolygon","coordinates":[[[[-73.7930379992026,40.71071107542323],[-73.79776810067948,40.70914318884339],[-73.79870150613023,40.71066337711313],[-73.80302414674632,40.708139657093334],[-73.80548241255212,40.71008885593892],[-73.80804630743958,40.70935682763351],[-73.80694856263321,40.70736710041278],[-73.81201248430207,40.70594494480607],[-73.8115285676521,40.70227287487812],[-73.81647531193624,40.702450427418526],[-73.81952770334794,40.70857912816951],[-73.82557862791455,40.71576260917696],[-73.8218792717015,40.71664717158986],[-73.81710417013943,40.7157768127617],[-73.80474282360336,40.71616896450202],[-73.79070834383194,40.7192686520274],[-73.7935857023335,40.71412867817344],[-73.79300721964293,40.711549469924854],[-73.7930379992026,40.71071107542323]]]]}},{"type":"Feature","properties":{"nta2020":"QN0871","ntaname":"Mount Hebron & Cedar Grove Cemeteries","boroname":"Queens","ntatype":"7"},"geometry":{"type":"MultiPolygon","coordinates":[[[[-73.82481178355508,40.73963096056882],[-73.82566535329194,40.732279578377415],[-73.83386267065022,40.7305531890079],[-73.8360484560617,40.73426558528826],[-73.83539812832238,40.73691239005314],[-73.83699269956922,40.74209334242395],[-73.83586131783862,40.74322798520755],[-73.83115549354883,40.74234091794378],[-73.83133868363664,40.7391706310632],[-73.82946751842844,40.7370244827513],[-73.8249480087466,40.739567105506474],[-73.82481178355508,40.73963096056882]]]]}},{"type":"Feature","properties":{"nta2020":"QN0891","ntaname":"Cunningham Park","boroname":"Queens","ntatype":"9"},"geometry":{"type":"MultiPolygon","coordinates":[[[[-73.75678272715538,40.72630578486276],[-73.76924074729871,40.72590270175663],[-73.77732562727651,40.72239270181176],[-73.77803765802742,40.72328426871315],[-73.77523387094598,40.72523753382763],[-73.77757506815995,40.73019327580592],[-73.77010830568058,40.73177950841342],[-73.77575892512752,40.74336722747142],[-73.76776278215725,40.74584353402106],[-73.76248609189,40.73673098245316],[-73.76273303379644,40.73526216317316],[-73.76511018279888,40.734557739047546],[-73.76369979169927,40.732864117518105],[-73.76555085921686,40.73254428394148],[-73.75677401826506,40.72637580025069],[-73.75678272715538,40.72630578486276]]]]}},{"type":"Feature","properties":{"nta2020":"QN0901","ntaname":"Kew Gardens","boroname":"Queens","ntatype":"0"},"geometry":{"type":"MultiPolygon","coordinates":[[[[-73.81647531193624,40.702450427418526],[-73.8224589027805,40.70365553128271],[-73.83152109540606,40.70138962879795],[-73.83213204085828,40.70279408079253],[-73.83391709620503,40.702347368472154],[-73.8346024485002,40.70392746712467],[-73.83661882066103,40.703420017871096],[-73.83813635209631,40.70618202949811],[-73.83714702922727,40.70795704676518],[-73.84314625235133,40.709223456920625],[-73.82557862791455,40.71576260917696],[-73.81952770334794,40.70857912816951],[-73.81668740284243,40.70290994584557],[-73.81647531193624,40.702450427418526]]]]}},{"type":"Feature","properties":{"nta2020":"QN0902","ntaname":"Richmond Hill","boroname":"Queens","ntatype":"0"},"geometry":{"type":"MultiPolygon","coordinates":[[[[-73.81647531193624,40.702450427418526],[-73.81372585751059,40.69713209523397],[-73.84496027980167,40.689162625082666],[-73.8494776340949,40.69819580839783],[-73.84502472810954,40.69935937751805],[-73.83696237744874,40.704212452834966],[-73.83661882066103,40.703420017871096],[-73.8346024485002,40.70392746712467],[-73.83391709620503,40.702347368472154],[-73.83213204085828,40.70279408079253],[-73.83152109540606,40.70138962879795],[-73.8224589027805,40.70365553128271],[-73.81686030359168,40.70244433182033],[-73.81647531193624,40.702450427418526]]]]}},{"type":"Feature","properties":{"nta2020":"QN0903","ntaname":"South Richmond Hill","boroname":"Queens","ntatype":"0"},"geometry":{"type":"MultiPolygon","coordinates":[[[[-73.81072587432989,40.69192242230212],[-73.82501128872681,40.687952318427946],[-73.82599347300521,40.689953662256855],[-73.82851136605123,40.689239056293786],[-73.82753021325706,40.68723948273573],[-73.83595082774886,40.68484354738765],[-73.83810579953929,40.68843310715161],[-73.83634617789266,40.68892763055784],[-73.83750506103344,40.69129397943807],[-73.81415998928425,40.69711791154359],[-73.81084084546931,40.69213108142376],[-73.81072587432989,40.69192242230212]]]]}},{"type":"Feature","properties":{"nta2020":"QN0904","ntaname":"Ozone Park (North)","boroname":"Queens","ntatype":"0"},"geometry":{"type":"MultiPolygon","coordinates":[[[[-73.83595082774886,40.68484354738765],[-73.83807768937295,40.684238909701364],[-73.83697486217649,40.68198801776318],[-73.83865065697351,40.68143823714945],[-73.8401285597314,40.681146650581766],[-73.8411960550906,40.683351367344564],[-73.847868174779,40.681486832121],[-73.85197864468334,40.6825642112843],[-73.85099089216749,40.68056836816236],[-73.8581983594644,40.67943084957028],[-73.85878576836865,40.68063046414625],[-73.86334943460909,40.67935164139093],[-73.86410096591109,40.68237285029176],[-73.86601993132706,40.68191958702714],[-73.86630263765373,40.683186695104695],[-73.83750506103344,40.69129397943807],[-73.83634617789266,40.68892763055784],[-73.83810579953929,40.68843310715161],[-73.83613892736422,40.6852253739804],[-73.83595082774886,40.68484354738765]]]]}},{"type":"Feature","properties":{"nta2020":"QN0905","ntaname":"Woodhaven","boroname":"Queens","ntatype":"0"},"geometry":{"type":"MultiPolygon","coordinates":[[[[-73.84913837176869,40.6982827412012],[-73.84496027980167,40.689162625082666],[-73.86630263765373,40.683186695104695],[-73.86840518883152,40.69473118624327],[-73.85274511619896,40.69756075076841],[-73.85456630463464,40.70059405158943],[-73.8507084219023,40.7002031251037],[-73.84913837176869,40.6982827412012]]]]}},{"type":"Feature","properties":{"nta2020":"QN1001","ntaname":"South Ozone Park","boroname":"Queens","ntatype":"0"},"geometry":{"type":"MultiPolygon","coordinates":[[[[-73.80585668515104,40.68290731788954],[-73.8013177132462,40.67278422497768],[-73.80214866414657,40.66524995396516],[-73.81326843327555,40.662812918202974],[-73.82687353836342,40.66370410799334],[-73.83270533815954,40.665405773282465],[-73.8401285597314,40.681146650581766],[-73.83697486217649,40.68198801776318],[-73.83807768937295,40.684238909701364],[-73.82753021325706,40.68723948273573],[-73.82851136605123,40.689239056293786],[-73.82599347300521,40.689953662256855],[-73.82501128872681,40.687952318427946],[-73.81072587432989,40.69192242230212],[-73.80590196781962,40.68299993508068],[-73.80585668515104,40.68290731788954]]]]}},{"type":"Feature","properties":{"nta2020":"QN1002","ntaname":"Ozone Park","boroname":"Queens","ntatype":"0"},"geometry":{"type":"MultiPolygon","coordinates":[[[[-73.8401285597314,40.681146650581766],[-73.83334819137352,40.66677318701368],[-73.86131863516547,40.67502126881478],[-73.86234580380987,40.6791647861452],[-73.86334943460909,40.67935164139093],[-73.85878576836865,40.68063046414625],[-73.8581983594644,40.67943084957028],[-73.85398014701971,40.67968303546529],[-73.85099089216749,40.68056836816236],[-73.85197864468334,40.6825642112843],[-73.847868174779,40.681486832121],[-73.8411960550906,40.683351367344564],[-73.8401285597314,40.681146650581766]]]]}},{"type":"Feature","properties":{"nta2020":"QN1003","ntaname":"Howard Beach-Lindenwood","boroname":"Queens","ntatype":"0"},"geometry":{"type":"MultiPolygon","coordinates":[[[[-73.8604719009479,40.65466928997948],[-73.86098917265818,40.65520976760688],[-73.86027659968163,40.65479771619502],[-73.8604719009479,40.65466928997948]]],[[[-73.83032725271073,40.655132805802516],[-73.83037789718178,40.655128335118135],[-73.83041325059033,40.65515782233639],[-73.83041203839751,40.655215855760865],[-73.83040011516438,40.655257143496435],[-73.83035808100351,40.655322082887785],[-73.83033058333676,40.6553698723751],[-73.83026601785501,40.65542864678396],[-73.830190203574,40.65547881838089],[-73.83012570678878,40.65551061084542],[-73.8300032131877,40.655552129209795],[-73.82992594002904,40.65554220249872],[-73.82988919855889,40.65552282308677],[-73.8299455643571,40.65542449485568],[-73.83004306559474,40.65534942304304],[-73.83032725271073,40.655132805802516]]],[[[-73.85096453530063,40.67171951136931],[-73.83334819137352,40.66677318701368],[-73.82859942338702,40.6571969730152],[-73.82639242756336,40.648324349284565],[-73.82959697362601,40.64982765808605],[-73.83132175015915,40.652726532368014],[-73.83158322059785,40.65381378583128],[-73.82901417557974,40.656107884452624],[-73.83170814411545,40.65393117429707],[-73.83221698518581,40.65446038629317],[-73.82896778740296,40.65720524792025],[-73.83014950104759,40.6598086849575],[-73.83024426973397,40.65834996934735],[-73.82909434825073,40.65733421916605],[-73.83185238479282,40.654885038267146],[-73.83290309524597,40.65748377162325],[-73.83194394578129,40.656171427756185],[-73.83260036370731,40.65782659112489],[-73.83112664421708,40.6583187869438],[-73.83338439472544,40.658051859208165],[-73.83079877896031,40.64897655870406],[-73.83148723517212,40.64788727851643],[-73.8356080045445,40.648469073611984],[-73.83892925173912,40.66127003335001],[-73.8384389733089,40.66234384741237],[-73.8399794997562,40.66190427386242],[-73.8373877871349,40.649118150638536],[-73.84679162086779,40.64779632984532],[-73.84839790968526,40.65449742691441],[-73.85320516062498,40.65380788611483],[-73.85437346122309,40.658605261577705],[-73.85361678093031,40.659733864756525],[-73.8596701793761,40.65518789566355],[-73.86140130930177,40.65656773931667],[-73.85983363521383,40.65697706372323],[-73.85958200860448,40.65833100359444],[-73.86098077505929,40.658381303449886],[-73.86061207311117,40.65932653510791],[-73.86132276468818,40.65851493216602],[-73.85976839588906,40.658281936345944],[-73.86035030672483,40.657226067167805],[-73.86269778233435,40.65761830951434],[-73.86317083274409,40.65827651294824],[-73.85761537119583,40.660118933153164],[-73.85842950725197,40.66345336143299],[-73.85568461155036,40.66386749287488],[-73.85763323108364,40.6716561940382],[-73.8603851978872,40.671251710989075],[-73.86131863516547,40.67502126881478],[-73.85163460823902,40.671930333334366],[-73.85096453530063,40.67171951136931]]]]}},{"type":"Feature","properties":{"nta2020":"QN1091","ntaname":"Spring Creek Park","boroname":"Queens","ntatype":"9"},"geometry":{"type":"MultiPolygon","coordinates":[[[[-73.85722330896276,40.65027867104306],[-73.86054077728362,40.6546239972789],[-73.85721974688627,40.650280012826414],[-73.85722330896276,40.65027867104306]]],[[[-73.8534909107845,40.65501409008385],[-73.85320516062498,40.65380788611483],[-73.84839790968526,40.65449742691441],[-73.84679162086779,40.64779632984532],[-73.83681334575157,40.64924941500217],[-73.83592320072995,40.64549979184783],[-73.84950699084062,40.64413376618153],[-73.8524319963248,40.64715929523086],[-73.84939766406322,40.651434878950546],[-73.85250949601144,40.65055140331135],[-73.8558782271423,40.651289801364626],[-73.8596701793761,40.65518789566355],[-73.85361678093031,40.659733864756525],[-73.85401590972175,40.657135765281076],[-73.8534909107845,40.65501409008385]]]]}},{"type":"Feature","properties":{"nta2020":"QN1101","ntaname":"Auburndale","boroname":"Queens","ntatype":"0"},"geometry":{"type":"MultiPolygon","coordinates":[[[[-73.77163811373067,40.744196939369765],[-73.7967249785876,40.73841664312471],[-73.79723084906004,40.74169550663387],[-73.79446368332795,40.74497002220893],[-73.79472264877985,40.74759933020805],[-73.79729524633105,40.74943505288953],[-73.79472141191256,40.75062131979514],[-73.79493246101809,40.75779803007236],[-73.79031516842448,40.757823450587665],[-73.79076004554386,40.76098576942364],[-73.79343991080363,40.760764127960265],[-73.79317944423835,40.770403177725676],[-73.7956570198897,40.77303608721581],[-73.78459339349048,40.77614122569327],[-73.78400901818792,40.77200397486297],[-73.77838149519921,40.76122605637027],[-73.7717221806708,40.744370314503705],[-73.77163811373067,40.744196939369765]]]]}},{"type":"Feature","properties":{"nta2020":"QN1102","ntaname":"Bayside","boroname":"Queens","ntatype":"0"},"geometry":{"type":"MultiPolygon","coordinates":[[[[-73.76760454567857,40.77829903415697],[-73.76510436820394,40.77379903822068],[-73.75864264358079,40.767357170035645],[-73.75377036464347,40.765304631985686],[-73.7591977039697,40.764326745504064],[-73.75784858628565,40.762566799538575],[-73.75800131634726,40.76037986814802],[-73.75583713256925,40.7577420624534],[-73.75320997118119,40.75824487350981],[-73.75230259322663,40.7594551998344],[-73.75004764465876,40.75840465879311],[-73.74711113768001,40.75417328675966],[-73.74774116439379,40.75384994514821],[-73.74680794553375,40.75202841850012],[-73.77163811373067,40.744196939369765],[-73.77838149519921,40.76122605637027],[-73.78400901818792,40.77200397486297],[-73.78459339349048,40.77614122569327],[-73.77583958177736,40.778612373114356],[-73.77553732181362,40.777025597979296],[-73.76861267825942,40.77909521106401],[-73.76775591610874,40.77823495523929],[-73.76760454567857,40.77829903415697]]]]}},{"type":"Feature","properties":{"nta2020":"QN1103","ntaname":"Douglaston-Little Neck","boroname":"Queens","ntatype":"0"},"geometry":{"type":"MultiPolygon","coordinates":[[[[-73.7446137598281,40.77894737610772],[-73.7442928971143,40.778747261922156],[-73.7443456866081,40.77871622288093],[-73.7444044998018,40.77873127054101],[-73.74446801788389,40.7787985376118],[-73.74454629709695,40.77885465064734],[-73.74461568026847,40.77867207014603],[-73.74481235604424,40.77855689759709],[-73.7448414917708,40.77863527688394],[-73.74493373117217,40.77888907271955],[-73.74506031149814,40.77914294294139],[-73.74500248662632,40.77919897460207],[-73.7446137598281,40.77894737610772]]],[[[-73.7467245708424,40.78030652579841],[-73.74559224274115,40.77958067926981],[-73.74682065555056,40.77937431015796],[-73.74678787414904,40.78025434686203],[-73.7467245708424,40.78030652579841]]],[[[-73.74873108637988,40.78095643940151],[-73.74534800304866,40.77715344956252],[-73.74611030250026,40.77845507553995],[-73.74529068415669,40.778864263774864],[-73.74501727403884,40.776597812966095],[-73.74404091391105,40.77859010478109],[-73.7133254207879,40.75973018956998],[-73.71698648425608,40.759428053213405],[-73.72014524222521,40.75791135989186],[-73.72294009389309,40.7541289148246],[-73.72736103652076,40.75083798695294],[-73.73095767797076,40.744859004235494],[-73.73374471226855,40.7428516324762],[-73.73543000252701,40.74716066862081],[-73.74172419912766,40.7532820867395],[-73.73926325481749,40.756917049369356],[-73.74120820579846,40.75620461768438],[-73.74597810474897,40.763976285903595],[-73.74936995528702,40.762933643854446],[-73.75021253132955,40.76374938265559],[-73.74687521678469,40.76451862992244],[-73.74940846440919,40.767551979611774],[-73.75338852940367,40.765333946086145],[-73.75507210849031,40.76753310678754],[-73.7543938826934,40.76875346274883],[-73.7555733264932,40.77152912592288],[-73.75336691999665,40.77320784675843],[-73.75551737581792,40.777704048364356],[-73.75183976284254,40.7823382791334],[-73.75062090581845,40.78260312130218],[-73.74895634954433,40.781066528723095],[-73.74873108637988,40.78095643940151]]]]}},{"type":"Feature","properties":{"nta2020":"QN1104","ntaname":"Oakland Gardens-Hollis Hills","boroname":"Queens","ntatype":"0"},"geometry":{"type":"MultiPolygon","coordinates":[[[[-73.74029081563614,40.73851667064148],[-73.75067290041116,40.729183001336374],[-73.75678272715538,40.72630578486276],[-73.76555085921686,40.73254428394148],[-73.76369979169927,40.732864117518105],[-73.76511018279888,40.734557739047546],[-73.76273303379644,40.73526216317316],[-73.76248609189,40.73673098245316],[-73.76776278215725,40.74584353402106],[-73.74680794553375,40.75202841850012],[-73.74570758687425,40.751585516774945],[-73.74382205515954,40.747428195806684],[-73.74625984267293,40.74671147631525],[-73.7447758704066,40.743281098040576],[-73.75347299961011,40.742404845206174],[-73.74996804245224,40.73974575348811],[-73.7439619346671,40.74078912695425],[-73.7430682075505,40.738440818430654],[-73.7401947838015,40.73903094083983],[-73.74029081563614,40.73851667064148]]]]}},{"type":"Feature","properties":{"nta2020":"QN1191","ntaname":"Alley Pond Park","boroname":"Queens","ntatype":"9"},"geometry":{"type":"MultiPolygon","coordinates":[[[[-73.73374471226866,40.7428516324762],[-73.74029081563614,40.73851667064148],[-73.7430682075505,40.738440818430654],[-73.7439619346671,40.74078912695425],[-73.7513896746137,40.74019416017787],[-73.75347299961011,40.742404845206174],[-73.7447758704066,40.743281098040576],[-73.74625984267293,40.74671147631525],[-73.74382205515954,40.747428195806684],[-73.75004764465876,40.75840465879311],[-73.75230259322663,40.7594551998344],[-73.75320997118119,40.75824487350981],[-73.75583713256925,40.7577420624534],[-73.75800131634726,40.76037986814802],[-73.75784858628565,40.762566799538575],[-73.7591977039697,40.764326745504064],[-73.75377036464347,40.765304631985686],[-73.7510743225256,40.76176367133642],[-73.7465598186776,40.75933914819123],[-73.74626136313684,40.75777454144928],[-73.74455864030777,40.75655788583271],[-73.74635893029055,40.759290872701364],[-73.7488725496178,40.76166805312999],[-73.75057049365306,40.76191547482174],[-73.75338852940372,40.765333946086145],[-73.74940846440934,40.76755197961174],[-73.74687521678463,40.7645186299224],[-73.7502125313296,40.76374938265555],[-73.74936995528708,40.762933643854446],[-73.74597810474908,40.763976285903595],[-73.74120820579857,40.75620461768434],[-73.7392632548176,40.756917049369314],[-73.74172419912772,40.753282086739475],[-73.73543000252701,40.74716066862081],[-73.73380185305318,40.742939959844534],[-73.73374471226866,40.7428516324762]]]]}},{"type":"Feature","properties":{"nta2020":"QN1201","ntaname":"Jamaica","boroname":"Queens","ntatype":"0"},"geometry":{"type":"MultiPolygon","coordinates":[[[[-73.76844546384753,40.70963702715734],[-73.77549258201965,40.706254672349075],[-73.77230768532989,40.7005715083238],[-73.77395659399906,40.6998057815885],[-73.78034491041925,40.70541241670608],[-73.78279775401121,40.705361137704884],[-73.7923917022655,40.70216652965151],[-73.79260506651944,40.70043210047545],[-73.79786193380428,40.69799340427645],[-73.8064247931684,40.690873858412445],[-73.80890216768682,40.692564348953226],[-73.81072587432989,40.69192242230212],[-73.81647531193624,40.702450427418526],[-73.8115285676521,40.70227287487812],[-73.81201248430207,40.70594494480607],[-73.80694856263321,40.70736710041278],[-73.80804630743958,40.70935682763351],[-73.80548241255212,40.71008885593892],[-73.80302414674632,40.708139657093334],[-73.79870150613023,40.71066337711313],[-73.79776810067948,40.70914318884339],[-73.78928913781589,40.71203312368852],[-73.77712346840055,40.71426199408275],[-73.77314372244636,40.70992119236891],[-73.76865794738376,40.70973774562208],[-73.76844546384753,40.70963702715734]]]]}},{"type":"Feature","properties":{"nta2020":"QN1202","ntaname":"South Jamaica","boroname":"Queens","ntatype":"0"},"geometry":{"type":"MultiPolygon","coordinates":[[[[-73.77395659399906,40.6998057815885],[-73.78277079714988,40.69599514162298],[-73.77789337217679,40.68991769002978],[-73.77977294915996,40.68928116998517],[-73.78078155432273,40.69102994294767],[-73.79390841612106,40.68630469089356],[-73.79561486720836,40.68865689126205],[-73.79995042755543,40.68682771995492],[-73.79898209074386,40.68485873832637],[-73.80585668515104,40.68290731788954],[-73.81072587432989,40.69192242230212],[-73.80890216768682,40.692564348953226],[-73.8064247931684,40.690873858412445],[-73.79786193380428,40.69799340427645],[-73.79260506651944,40.70043210047545],[-73.7923917022655,40.70216652965151],[-73.7825658249591,40.70542486386626],[-73.78034491041925,40.70541241670608],[-73.77441230049644,40.70028087733506],[-73.77395659399906,40.6998057815885]]]]}},{"type":"Feature","properties":{"nta2020":"QN1203","ntaname":"Baisley Park","boroname":"Queens","ntatype":"0"},"geometry":{"type":"MultiPolygon","coordinates":[[[[-73.77789337217679,40.68991769002978],[-73.76974091260281,40.68378627635674],[-73.77014324667269,40.68311109705301],[-73.78025859328653,40.6778409243873],[-73.78397383987034,40.67511760920013],[-73.78574700027029,40.67237942959321],[-73.7880864722486,40.67300962649797],[-73.78940999355977,40.666841158686104],[-73.80163473932281,40.666757554359364],[-73.80149003302263,40.67354484746204],[-73.80585668515104,40.68290731788954],[-73.79898209074386,40.68485873832637],[-73.79995042755543,40.68682771995492],[-73.79561486720836,40.68865689126205],[-73.79390841612106,40.68630469089356],[-73.78078155432273,40.69102994294767],[-73.77977294915996,40.68928116998517],[-73.77796055093232,40.6898948101996],[-73.77789337217679,40.68991769002978]]]]}},{"type":"Feature","properties":{"nta2020":"QN1204","ntaname":"Springfield Gardens (North)-Rochdale Village","boroname":"Queens","ntatype":"0"},"geometry":{"type":"MultiPolygon","coordinates":[[[[-73.76031463846735,40.67510997187887],[-73.75849761429988,40.672648444991296],[-73.75636239193665,40.67242923710904],[-73.75763129530147,40.66645115660537],[-73.77342462680873,40.66802762009213],[-73.78940999355977,40.666841158686104],[-73.7880864722486,40.67300962649797],[-73.78574700027029,40.67237942959321],[-73.78095126154084,40.67735350752009],[-73.77232211204058,40.681490968262686],[-73.76974091260281,40.68378627635674],[-73.76161350153542,40.67972794215419],[-73.76367677490218,40.6747455262276],[-73.76114911212454,40.67476362130855],[-73.76031463846735,40.67510997187887]]]]}},{"type":"Feature","properties":{"nta2020":"QN1205","ntaname":"St. Albans","boroname":"Queens","ntatype":"0"},"geometry":{"type":"MultiPolygon","coordinates":[[[[-73.7504705809467,40.70563993103331],[-73.7461815781834,40.696121925980215],[-73.74359285933764,40.69621532530715],[-73.75576169139454,40.675885909418795],[-73.75691881631015,40.67652887087326],[-73.76248600364025,40.674194981764856],[-73.76367677490218,40.6747455262276],[-73.76161350153542,40.67972794215419],[-73.77570479888122,40.68761238206102],[-73.78277079714988,40.69599514162298],[-73.77230768532989,40.7005715083238],[-73.77549258201965,40.706254672349075],[-73.76844546384753,40.70963702715734],[-73.76734431811802,40.706636346494484],[-73.76229996208549,40.7079494182572],[-73.76095546462618,40.70290957793642],[-73.75052148922812,40.70562662273975],[-73.7504705809467,40.70563993103331]]]]}},{"type":"Feature","properties":{"nta2020":"QN1206","ntaname":"Hollis","boroname":"Queens","ntatype":"0"},"geometry":{"type":"MultiPolygon","coordinates":[[[[-73.7504705809467,40.70563993103331],[-73.76095546462618,40.70290957793642],[-73.76229996208549,40.7079494182572],[-73.76734431811802,40.706636346494484],[-73.76825968986248,40.70952636837836],[-73.77314372244636,40.70992119236891],[-73.77712346840055,40.71426199408275],[-73.76733228086881,40.717289796810775],[-73.7594414294101,40.72106344375331],[-73.75370834556638,40.713324637241065],[-73.75077435837689,40.70632183690167],[-73.7504705809467,40.70563993103331]]]]}},{"type":"Feature","properties":{"nta2020":"QN1301","ntaname":"Glen Oaks-Floral Park-New Hyde Park","boroname":"Queens","ntatype":"0"},"geometry":{"type":"MultiPolygon","coordinates":[[[[-73.7133254207879,40.75973018956998],[-73.70163345759967,40.752493329689685],[-73.70000906254971,40.739323413160086],[-73.70766217173856,40.72783093450627],[-73.71049995273978,40.72722708741124],[-73.71147804721952,40.73250140137267],[-73.7201010143544,40.74977532930348],[-73.72258571843531,40.7488504517089],[-73.72339596217732,40.7503890759246],[-73.7276803255188,40.74963924557689],[-73.72829055896214,40.74745866499545],[-73.72864941160132,40.74806788027158],[-73.72736103652076,40.75083798695294],[-73.72294009389309,40.7541289148246],[-73.72014524222521,40.75791135989186],[-73.71380986403764,40.75973577087894],[-73.7133254207879,40.75973018956998]]]]}},{"type":"Feature","properties":{"nta2020":"QN1302","ntaname":"Bellerose","boroname":"Queens","ntatype":"0"},"geometry":{"type":"MultiPolygon","coordinates":[[[[-73.7104999527399,40.7272270874112],[-73.72990780990708,40.72327301286179],[-73.73147215054848,40.72741179527284],[-73.74555591343949,40.73063747398293],[-73.74673750176666,40.732583220726575],[-73.73900696095887,40.73985598031468],[-73.73095767797076,40.74485900423545],[-73.72864941160132,40.74806788027154],[-73.72829055896214,40.74745866499545],[-73.72768032551885,40.74963924557686],[-73.72339596217738,40.75038907592456],[-73.72258571843531,40.7488504517089],[-73.72010101435451,40.749775329303425],[-73.71147804721959,40.73250140137267],[-73.71050351750922,40.727278390127175],[-73.7104999527399,40.7272270874112]]]]}},{"type":"Feature","properties":{"nta2020":"QN1303","ntaname":"Queens Village","boroname":"Queens","ntatype":"0"},"geometry":{"type":"MultiPolygon","coordinates":[[[[-73.72990780990698,40.72327301286179],[-73.72816233854954,40.723084140786575],[-73.73032628902034,40.72215729678346],[-73.72697146650967,40.71071450403049],[-73.7267775946746,40.703059292402685],[-73.73426455293747,40.70321954338109],[-73.73430403593768,40.702478132196354],[-73.74077675795905,40.70267983786259],[-73.7405033639837,40.70343355745073],[-73.74148805155744,40.70343161263624],[-73.74590870931375,40.70228727366261],[-73.74500118994638,40.700262213048546],[-73.74773012049566,40.699553136831646],[-73.75370834556634,40.713324637241065],[-73.75944142940995,40.72106344375331],[-73.75496919396734,40.72415964730778],[-73.75688011226855,40.72627860534325],[-73.75188545444676,40.72841759955691],[-73.74673750176666,40.732583220726575],[-73.74555591343943,40.730637473982995],[-73.73147215054838,40.72741179527284],[-73.73016587124457,40.723958596902165],[-73.72990780990698,40.72327301286179]]]]}},{"type":"Feature","properties":{"nta2020":"QN1304","ntaname":"Cambria Heights","boroname":"Queens","ntatype":"0"},"geometry":{"type":"MultiPolygon","coordinates":[[[[-73.73624941088173,40.70253697876338],[-73.72677759467466,40.703059292402656],[-73.72586264116339,40.683241080946495],[-73.74746788784424,40.689322181235326],[-73.74359285933764,40.69621532530715],[-73.7461815781834,40.696121925980215],[-73.7477301204956,40.69955313683161],[-73.74500118994632,40.700262213048546],[-73.74590870931385,40.70228727366261],[-73.7410929388842,40.70348106267971],[-73.7407767579591,40.70267983786256],[-73.73819579924722,40.70259533588876],[-73.73624941088173,40.70253697876338]]]]}},{"type":"Feature","properties":{"nta2020":"QN1305","ntaname":"Laurelton","boroname":"Queens","ntatype":"0"},"geometry":{"type":"MultiPolygon","coordinates":[[[[-73.7339602527064,40.68563856252251],[-73.72718272361968,40.68359733001581],[-73.736777278462,40.670765124537795],[-73.74117817210484,40.66640295437147],[-73.75763129530147,40.66645115660537],[-73.75636239193665,40.67242923710904],[-73.75849761429988,40.672648444991296],[-73.76031463846735,40.67510997187887],[-73.75691881631015,40.67652887087326],[-73.75576169139454,40.675885909418795],[-73.75001704218833,40.68589131900592],[-73.73581149101246,40.682452446195214],[-73.73397492307936,40.68560545866724],[-73.7339602527064,40.68563856252251]]]]}},{"type":"Feature","properties":{"nta2020":"QN1306","ntaname":"Springfield Gardens (South)-Brookville","boroname":"Queens","ntatype":"0"},"geometry":{"type":"MultiPolygon","coordinates":[[[[-73.75763129530147,40.66645115660537],[-73.73849170515227,40.666415406130746],[-73.74495610010571,40.65816982120883],[-73.74487420171579,40.65614455817023],[-73.74328713961904,40.65613473208411],[-73.7433254679629,40.652537805010205],[-73.7465499711253,40.652563755434834],[-73.74608166311918,40.64557039365891],[-73.74711666190726,40.6443718457884],[-73.76976145189289,40.657482236191946],[-73.77932933052475,40.66183952084514],[-73.78751177862071,40.66382524414059],[-73.80214866414657,40.66524995396516],[-73.80163473932281,40.666757554359364],[-73.77342462680873,40.66802762009213],[-73.75772789238438,40.66646098660693],[-73.75763129530147,40.66645115660537]]]]}},{"type":"Feature","properties":{"nta2020":"QN1307","ntaname":"Rosedale","boroname":"Queens","ntatype":"0"},"geometry":{"type":"MultiPolygon","coordinates":[[[[-73.72586264116329,40.683241080946495],[-73.7256300511989,40.67958795078154],[-73.72755616290443,40.67416158819021],[-73.72833071831944,40.66304394373028],[-73.72556769770608,40.65672514257895],[-73.72522608019015,40.652001000145574],[-73.7351350134013,40.64973204096658],[-73.74143705965366,40.646889178319896],[-73.74142279226983,40.64050339075156],[-73.74227387159938,40.640123381450174],[-73.73947121560623,40.635706432330686],[-73.74249628431717,40.635135314764256],[-73.74096487686366,40.637304775030245],[-73.74397128496219,40.63788001261504],[-73.74373421504437,40.63902211816677],[-73.74479558148495,40.63707502907636],[-73.7464308689638,40.6364810660686],[-73.74515886774877,40.63807741275485],[-73.74704225998681,40.63693236584875],[-73.74617105197643,40.640389402984844],[-73.7467501346986,40.64230276088487],[-73.74878103332233,40.64511888099758],[-73.75204902476068,40.64665193747837],[-73.75157384059202,40.6472593017056],[-73.74711666190726,40.6443718457884],[-73.74616512930301,40.64486228002025],[-73.7465499711252,40.652563755434876],[-73.74332546796286,40.652537805010205],[-73.74328713961904,40.65613473208411],[-73.74487420171579,40.65614455817026],[-73.74501080169804,40.65802165402709],[-73.73849170515221,40.66641540613078],[-73.74117817210478,40.66640295437147],[-73.72658306386133,40.68341483045149],[-73.72586264116329,40.683241080946495]]]]}},{"type":"Feature","properties":{"nta2020":"QN1371","ntaname":"Montefiore Cemetery","boroname":"Queens","ntatype":"7"},"geometry":{"type":"MultiPolygon","coordinates":[[[[-73.74125253079038,40.68745783905656],[-73.73395424170566,40.685262349204145],[-73.73581149101246,40.682452446195214],[-73.75001704218833,40.68589131900592],[-73.74746788784412,40.68932218123537],[-73.74125253079038,40.68745783905656]]]]}},{"type":"Feature","properties":{"nta2020":"QN1401","ntaname":"Far Rockaway-Bayswater","boroname":"Queens","ntatype":"0"},"geometry":{"type":"MultiPolygon","coordinates":[[[[-73.76964468972831,40.59076871274092],[-73.77023141364488,40.593974904105245],[-73.77270068320797,40.59312330568649],[-73.77388252067105,40.59576940794695],[-73.7706615717626,40.59600199888131],[-73.77109666193122,40.59830114375],[-73.76793669062477,40.5981227510728],[-73.77115807271932,40.599393242406464],[-73.76893512448518,40.6091820212884],[-73.77221438055132,40.611497664584206],[-73.77340389078988,40.61109044877924],[-73.77296895866229,40.61015697211637],[-73.77417180166559,40.61182871477219],[-73.7734185876134,40.61366231317473],[-73.76530079785114,40.61382283108843],[-73.76505961679173,40.612035230610616],[-73.76023635756977,40.61082086495047],[-73.76155051905893,40.60903136580099],[-73.75998446975024,40.61087937734433],[-73.75972099041094,40.61015159762002],[-73.7556068472615,40.61007736522709],[-73.74799307229321,40.612310157966064],[-73.7457615004659,40.61199165524858],[-73.7433973152214,40.60747217106679],[-73.73840394453826,40.60312113528227],[-73.73835617570401,40.59760047830432],[-73.74009714262671,40.59620864729191],[-73.74183083519186,40.59669555137059],[-73.73992792985001,40.59606158731352],[-73.73838360335252,40.597117408562426],[-73.73848743971777,40.594352263491025],[-73.74665511464555,40.5942956954049],[-73.75344780177821,40.59096412991324],[-73.76134311678145,40.59172663435317],[-73.76935997863971,40.59080373301165],[-73.76964468972831,40.59076871274092]]]]}},{"type":"Feature","properties":{"nta2020":"QN1402","ntaname":"Rockaway Beach-Arverne-Edgemere","boroname":"Queens","ntatype":"0"},"geometry":{"type":"MultiPolygon","coordinates":[[[[-73.78631473411238,40.60312251070047],[-73.79029942714882,40.59926511806832],[-73.79124071005656,40.59678734940846],[-73.7906508004326,40.594782702082256],[-73.7908062614152,40.59609339638703],[-73.7898665049066,40.59471554399471],[-73.78999909439095,40.59620894350346],[-73.78967389675819,40.59486047590034],[-73.78823818787714,40.59610983670438],[-73.78837305307928,40.59750563785208],[-73.7820914949214,40.59785601861651],[-73.78195240544221,40.5964564914369],[-73.77980134346261,40.59661096984858],[-73.77497207265853,40.60174448709038],[-73.77371486032152,40.598234836658484],[-73.77109666193122,40.59830114375],[-73.7706615717626,40.596001998881356],[-73.77388252067105,40.59576940794695],[-73.77367461840043,40.59389311562729],[-73.77280826886306,40.59407391602836],[-73.77270068320782,40.59312330568654],[-73.77023141364488,40.593974904105245],[-73.76964469049737,40.5907687127425],[-73.78043036102055,40.58959662092669],[-73.82134164958036,40.58126212745433],[-73.82490101879716,40.5859538615065],[-73.82481333907114,40.58715132203617],[-73.82145971925844,40.586769924920404],[-73.81363221410687,40.59079363240052],[-73.81358856612626,40.59169768582372],[-73.81214360015541,40.591358700888534],[-73.81149423586001,40.59290132619445],[-73.8113346362302,40.59174462368268],[-73.81107287021051,40.59302233057227],[-73.80989929847284,40.592270954388226],[-73.80961679374374,40.59357572691475],[-73.80602807459842,40.59200930900474],[-73.80577902839032,40.59075949966878],[-73.80582389773117,40.5918893251901],[-73.80430333508215,40.591318878804834],[-73.80797757099475,40.594157868161986],[-73.8060414980724,40.59555455571632],[-73.80411459954799,40.59431916995098],[-73.80380902231202,40.59289116392555],[-73.8024384629031,40.59264006383529],[-73.80328793893025,40.59428211589189],[-73.80234513845657,40.59449597525708],[-73.803440170413,40.594434209679605],[-73.80511185479762,40.59715104850087],[-73.80297943325748,40.59884430455319],[-73.79420968303461,40.59948434178219],[-73.78631438660108,40.603138376446104],[-73.78631473411238,40.60312251070047]]]]}},{"type":"Feature","properties":{"nta2020":"QN1403","ntaname":"Breezy Point-Belle Harbor-Rockaway Park-Broad Channel","boroname":"Queens","ntatype":"0"},"geometry":{"type":"MultiPolygon","coordinates":[[[[-73.88346534749647,40.56847801993864],[-73.88275680158239,40.5675698621236],[-73.91009502203325,40.56077236384627],[-73.90988945776235,40.55667307009587],[-73.92098631305944,40.55627509443784],[-73.92206612436084,40.555149256470564],[-73.92909878189855,40.5530934450982],[-73.93222204028586,40.5576763419596],[-73.9261572327542,40.561552609723265],[-73.91766081900091,40.562826149686664],[-73.91188319662926,40.56499040574152],[-73.91216181893196,40.565836252070895],[-73.91185809029383,40.564995438003514],[-73.90971684925964,40.565287425461364],[-73.90976258371062,40.56428483692782],[-73.90791915959979,40.56414844029451],[-73.90664724121194,40.56278591383924],[-73.90287143330141,40.56351486370372],[-73.90170839776874,40.562740497415824],[-73.8961326244522,40.56535842806963],[-73.8956717433513,40.567031643659234],[-73.8926101344553,40.56858724778945],[-73.88911103072223,40.56791623669109],[-73.88430973105274,40.568696119538856],[-73.88445975335672,40.567892836256505],[-73.88368728096412,40.56884340432992],[-73.88346534749647,40.56847801993864]]],[[[-73.82467297702453,40.58549483134204],[-73.82134164958036,40.58126212745433],[-73.8338692317217,40.57764989760918],[-73.86255286029154,40.566810012301005],[-73.86668359874157,40.57298832953373],[-73.86334740002476,40.57402123244791],[-73.86396641925967,40.575026786720294],[-73.86288301824888,40.57605976175675],[-73.8504438514919,40.58213024358158],[-73.83935385899039,40.58185726280565],[-73.83855306451112,40.58279171429944],[-73.82852471261471,40.584854219377384],[-73.8280365363424,40.58605288647553],[-73.82524882618856,40.58690086942223],[-73.82490101879716,40.5859538615065],[-73.82467297702453,40.58549483134204]]],[[[-73.82017347951877,40.615180619137874],[-73.81749810970042,40.61421413256955],[-73.81408062432786,40.61455840973904],[-73.81549526560387,40.614039815969804],[-73.81503638428488,40.61297621441866],[-73.81615626632366,40.6129421160126],[-73.81540366189684,40.61038480251824],[-73.81450261566708,40.61105847350561],[-73.81486539790258,40.608020599486395],[-73.81552816656146,40.606163070614315],[-73.81739192062611,40.60515812403505],[-73.81849065988742,40.59938955997991],[-73.82067265991692,40.5951957066738],[-73.83425247335487,40.594659920803494],[-73.83439599940999,40.59646400037025],[-73.83239364453553,40.59780335388515],[-73.82806159587514,40.5976804026477],[-73.82597985888596,40.599472067191684],[-73.8246542059697,40.59814924787461],[-73.82376612281246,40.6000400708211],[-73.82146929833553,40.59999372327309],[-73.824452180088,40.60079696319124],[-73.8229448458644,40.602582910135794],[-73.8229046322365,40.60585127742741],[-73.82126470254788,40.60700285091189],[-73.81961795362014,40.61047904156711],[-73.82087841658108,40.61225734632084],[-73.8204870048953,40.610224379794225],[-73.82161459957231,40.608480319225905],[-73.82410327024171,40.61232609748477],[-73.82075892504568,40.61523268018794],[-73.82017347951877,40.615180619137874]]]]}},{"type":"Feature","properties":{"nta2020":"QN1491","ntaname":"Rockaway Community Park","boroname":"Queens","ntatype":"9"},"geometry":{"type":"MultiPolygon","coordinates":[[[[-73.77464033629722,40.6008376563497],[-73.7747631301843,40.600831744882136],[-73.77476381099359,40.60084578654363],[-73.77464113309695,40.6008507967622],[-73.77464033629722,40.6008376563497]]],[[[-73.77460398507772,40.60099772801938],[-73.77460211333921,40.60098020426256],[-73.77448133964758,40.60098770385091],[-73.77447954246983,40.60097089056422],[-73.77452504356683,40.60096806331908],[-73.77452342169408,40.60095290104682],[-73.77460096344404,40.60094808556334],[-73.77459908825217,40.60093054370638],[-73.7746175541961,40.60092939800006],[-73.7746206289438,40.600958165189695],[-73.7747472465565,40.60094979101227],[-73.77474212725438,40.60096342694051],[-73.77461657884024,40.60097065161015],[-73.77461980021164,40.60099674347074],[-73.77460398507772,40.60099772801938]]],[[[-73.7763584369479,40.6096558382425],[-73.77412897394223,40.60874659586826],[-73.77460294599074,40.607417648882716],[-73.77600772152827,40.609190754248324],[-73.77459009469831,40.607297656090445],[-73.77468798964463,40.60432464889197],[-73.77818086978304,40.60038554108597],[-73.78010900085108,40.600727429033945],[-73.7819409000827,40.59907384177445],[-73.77968425616282,40.59668797838994],[-73.78195240544221,40.5964564914369],[-73.7820914949214,40.59785601861651],[-73.78670444989979,40.597623998565574],[-73.78837305307928,40.59750563785208],[-73.78823818787714,40.59610983670438],[-73.78916261774094,40.5960772999383],[-73.78906829121502,40.59801992738281],[-73.78350560905145,40.60256343924549],[-73.7836669629257,40.60532443592932],[-73.77927015444938,40.60930736180771],[-73.7764749300857,40.60969521900882],[-73.7763584369479,40.6096558382425]]]]}},{"type":"Feature","properties":{"nta2020":"QN8081","ntaname":"LaGuardia Airport","boroname":"Queens","ntatype":"8"},"geometry":{"type":"MultiPolygon","coordinates":[[[[-73.87287195837615,40.78597502847435],[-73.87282839783694,40.78595446173851],[-73.8728226286446,40.78596397466708],[-73.8727740594054,40.78594192145899],[-73.87280920016211,40.78590310859761],[-73.8728535000943,40.78592565061071],[-73.87284047915855,40.78594312338181],[-73.87288496895496,40.785962633215185],[-73.87287195837615,40.78597502847435]]],[[[-73.8708990768907,40.78587142600622],[-73.86918113437791,40.78594348957018],[-73.86943751657189,40.783638399311336],[-73.86848597381919,40.78369365683154],[-73.87232286918953,40.781100761632636],[-73.87021910757322,40.781247327370586],[-73.87255732673727,40.780821121542765],[-73.85505106271819,40.77219538998928],[-73.85646272989406,40.77027306132644],[-73.85788340878094,40.77065971113753],[-73.85624565746282,40.76888571369662],[-73.85937510429778,40.76707532894287],[-73.86268864176526,40.76687591100763],[-73.86043337819608,40.76386888287582],[-73.86800281688815,40.770255169347564],[-73.87259590943471,40.77183094482939],[-73.877536122094,40.771253120208904],[-73.88772988070615,40.76691443487077],[-73.88945486771429,40.773532951628674],[-73.8839162796371,40.77413260709429],[-73.88483742391051,40.77495298074588],[-73.88541287251148,40.77965996003542],[-73.87870562518967,40.78058590944772],[-73.8797016367226,40.78288281807247],[-73.87515754893558,40.78150944864829],[-73.8712485624251,40.78603815125518],[-73.8708990768907,40.78587142600622]]]]}},{"type":"Feature","properties":{"nta2020":"QN8191","ntaname":"Flushing Meadows-Corona Park","boroname":"Queens","ntatype":"9"},"geometry":{"type":"MultiPolygon","coordinates":[[[[-73.84670933597923,40.76134526913537],[-73.843243813566,40.7553368037672],[-73.83861858898014,40.75704484639162],[-73.83559153783257,40.751377132770244],[-73.83229535672847,40.75194179113857],[-73.833085823199,40.747989125404764],[-73.83462522085614,40.746880950882606],[-73.8370650868407,40.7418647185714],[-73.83539812832238,40.73691239005314],[-73.8360484560617,40.73426558528826],[-73.83073214479985,40.72654932846824],[-73.82730900361362,40.72464607749657],[-73.82539923826937,40.71741485698571],[-73.81952343803869,40.71733973320205],[-73.81998230828785,40.71657551126455],[-73.8314586691967,40.71455445043996],[-73.82983328300575,40.7155677836586],[-73.83488359346718,40.71930327241618],[-73.83985434224356,40.7281775697852],[-73.84418886465552,40.732642019579956],[-73.84689366105576,40.738671217393154],[-73.85011556548316,40.74072356279743],[-73.85436928066457,40.748738930191145],[-73.85086439577863,40.74999564187307],[-73.85407475724476,40.75766325432999],[-73.86093691422919,40.7637286154913],[-73.85861915281767,40.76193559750166],[-73.85765473616335,40.763079822848724],[-73.85850081255474,40.763376432580095],[-73.85696355939805,40.76407442786328],[-73.85758285470597,40.76307290112933],[-73.85658675388665,40.762722840616995],[-73.85817631070529,40.762396294224025],[-73.85661195813547,40.76164954175432],[-73.85858526218242,40.761917009098845],[-73.85158552901186,40.75935542065714],[-73.84950202299177,40.76000672901082],[-73.84987484496263,40.76110381244604],[-73.85207200177848,40.76039288467229],[-73.84981162475142,40.761270974008326],[-73.84916662406268,40.76029658378545],[-73.84796233649803,40.76055108883439],[-73.84670933597923,40.76134526913537]]]]}},{"type":"Feature","properties":{"nta2020":"QN8291","ntaname":"Forest Park","boroname":"Queens","ntatype":"9"},"geometry":{"type":"MultiPolygon","coordinates":[[[[-73.83696237744874,40.704212452834966],[-73.84502472810954,40.69935937751805],[-73.84913837176869,40.6982827412012],[-73.8507084219023,40.7002031251037],[-73.85449319897995,40.70064259375442],[-73.85274511619896,40.69756075076841],[-73.86840518883152,40.69473118624327],[-73.87067421777537,40.69784106551843],[-73.86931433152246,40.699355148004855],[-73.86915596091336,40.70289343416234],[-73.8580845148311,40.70289677765264],[-73.85893224244882,40.701320345427305],[-73.85827405761421,40.70122365990838],[-73.85529275816589,40.70259550178674],[-73.85252018988406,40.70229172361688],[-73.85470823889172,40.705210974814655],[-73.85471652431808,40.7067694968294],[-73.8493315614799,40.708388333680105],[-73.84314625235133,40.709223456920625],[-73.83828428770079,40.70840935912769],[-73.83714702922727,40.70795704676518],[-73.83813960248955,40.70633587808015],[-73.8373309558822,40.704854976455806],[-73.83696237744874,40.704212452834966]]]]}},{"type":"Feature","properties":{"nta2020":"QN8381","ntaname":"John F. Kennedy International Airport","boroname":"Queens","ntatype":"8"},"geometry":{"type":"MultiPolygon","coordinates":[[[[-73.74699391102992,40.63715064518513],[-73.74699985138024,40.63712702843062],[-73.74701102390156,40.63712870635785],[-73.74703789109672,40.63713274210674],[-73.74706834853848,40.637137318824486],[-73.7470668324993,40.63714316627915],[-73.74712053523142,40.637151241025386],[-73.74713631374668,40.637058060304575],[-73.74715781614948,40.63706052302335],[-73.7471492449571,40.63712583134651],[-73.74715435857881,40.63712636310411],[-73.74713019919568,40.63721686034233],[-73.7471040262248,40.637211259241504],[-73.74712154262465,40.6371622757081],[-73.74706655408158,40.63715424973305],[-73.74706485671244,40.63716099926857],[-73.74702836326296,40.637155673147674],[-73.74700628446361,40.637152450061876],[-73.74699391102992,40.63715064518513]]],[[[-73.74694320506241,40.637529202174306],[-73.74704913170716,40.63754513389714],[-73.74704316342152,40.637566426459415],[-73.74693969946533,40.637554235214076],[-73.74694320506241,40.637529202174306]]],[[[-73.82503467502312,40.66358013480766],[-73.8132684332756,40.66281291820302],[-73.8061439581865,40.66491273087771],[-73.79981954330337,40.665259262643914],[-73.77932933052463,40.66183952084514],[-73.75157384059202,40.6472593017056],[-73.7549276864291,40.64757272103863],[-73.74776524915336,40.642094843285214],[-73.74845072655376,40.63563613808902],[-73.76500891405117,40.62941218257731],[-73.76860408643708,40.62473271874592],[-73.77018829077609,40.619791010920075],[-73.77165454622448,40.620416427318325],[-73.77081128816697,40.622949747293475],[-73.7717276019702,40.62358502853137],[-73.77518045935324,40.61926471855515],[-73.77173897449319,40.623605726071006],[-73.77654229821697,40.627651725230415],[-73.7794689755585,40.62731550562166],[-73.7841948316574,40.62089267057813],[-73.78955814223276,40.62279199558915],[-73.78363078949876,40.628142521869314],[-73.78434764110041,40.631373320933804],[-73.79079284210981,40.63428204370623],[-73.7981187213808,40.631037509762386],[-73.790811112505,40.63431035551095],[-73.79222317971443,40.63589008894912],[-73.81830316956214,40.64626766499377],[-73.82215143198066,40.65013528973995],[-73.8234656042142,40.65531301605706],[-73.82174650215825,40.66011836609096],[-73.81869531492681,40.66110505105431],[-73.81145557768768,40.66073655223549],[-73.81867184308027,40.662132777430436],[-73.82331870229751,40.66020791046261],[-73.82492940963448,40.655441531872164],[-73.82290717700756,40.648093446507474],[-73.82614483059653,40.650081840942796],[-73.82639242756326,40.648324349284614],[-73.82859942338692,40.6571969730152],[-73.83270533815944,40.665405773282515],[-73.82571227923758,40.6635931407115],[-73.82503467502312,40.66358013480766]]]]}},{"type":"Feature","properties":{"nta2020":"QN8491","ntaname":"Jamaica Bay (East)","boroname":"Queens","ntatype":"9"},"geometry":{"type":"MultiPolygon","coordinates":[[[[-73.8264466151686,40.59052744244106],[-73.82761912369894,40.58999525984128],[-73.82728545196026,40.59147876306213],[-73.82548333523174,40.591973386213795],[-73.82646446172089,40.5905889952603],[-73.8264466151686,40.59052744244106]]],[[[-73.83193277255799,40.59344779692433],[-73.83116882644556,40.59148814481197],[-73.83458673782867,40.589122164465444],[-73.84179835295112,40.59200759565003],[-73.84336470419666,40.593470143366424],[-73.84350065697967,40.59508410975606],[-73.84056972163728,40.597300702794335],[-73.83745833480359,40.596862867340576],[-73.8340000203018,40.59361971315359],[-73.83193277255799,40.59344779692433]]],[[[-73.8229275781107,40.60006142866587],[-73.82293612659906,40.60004040566295],[-73.82297857646167,40.60004370772757],[-73.8230043648484,40.59992561939652],[-73.82303195034994,40.59993051688249],[-73.82300403883895,40.600048600441944],[-73.8230401256711,40.60005027434905],[-73.82304007849226,40.600068075288576],[-73.8229275781107,40.60006142866587]]],[[[-73.82311740908834,40.600079492524536],[-73.82311789977163,40.60005688484181],[-73.82313294399721,40.600057235850954],[-73.82313384374159,40.600042165446254],[-73.82314760257458,40.600040875701964],[-73.82315293159297,40.59997666315246],[-73.82317356136187,40.59997800581438],[-73.8231669276748,40.60004811339495],[-73.82317337306215,40.60004910637527],[-73.82317376652593,40.60006286885706],[-73.82318408196348,40.60006321191342],[-73.82318015964296,40.60008384902831],[-73.82311740908834,40.600079492524536]]],[[[-73.80997059405912,40.60006753788293],[-73.81048808108193,40.59877931123712],[-73.81222073287898,40.598553907975344],[-73.81501471568703,40.60205629055863],[-73.81480117749582,40.60408034333366],[-73.81320862328825,40.60435543908457],[-73.81016958819596,40.60279976304262],[-73.81001471186875,40.60010911006679],[-73.80997059405912,40.60006753788293]]],[[[-73.80031807730064,40.60706440134249],[-73.7979273649872,40.60657940538837],[-73.79826575424987,40.60549019609661],[-73.80010928078991,40.6053188663213],[-73.79781142206308,40.60515992032976],[-73.80048632023508,40.60476281828105],[-73.79790083724998,40.60472008615432],[-73.79766143422341,40.6063577559058],[-73.79611452288293,40.60469396320254],[-73.80381183234223,40.60436099741666],[-73.80314302033038,40.606366935435574],[-73.80077334601931,40.60707629575054],[-73.80033863924557,40.606278815696925],[-73.80041276443532,40.60707011790055],[-73.80031807730064,40.60706440134249]]],[[[-73.82953035855815,40.60724067334978],[-73.82957731346094,40.60723817056936],[-73.829608270395,40.60725635955864],[-73.8295952958597,40.60732773479117],[-73.82957158390492,40.60734239145317],[-73.82952414988597,40.607339324343116],[-73.82951723334364,40.607320752671775],[-73.82951826810499,40.60726140777805],[-73.82953035855815,40.60724067334978]]],[[[-73.79665699659022,40.60896091507148],[-73.7965494167661,40.607287540363735],[-73.79581987999774,40.60813392013506],[-73.79551694367544,40.607354962798276],[-73.79572698954176,40.60523061374934],[-73.79570141764704,40.606460525121975],[-73.80052617654209,40.60722633865083],[-73.80401493337446,40.60613150017502],[-73.80131445386586,40.608545224531184],[-73.79707848341036,40.609011523261586],[-73.79665699659022,40.60896091507148]]],[[[-73.82730192542975,40.60948538975413],[-73.82581355251645,40.608917723174855],[-73.82576814632948,40.60785387411046],[-73.82679109718643,40.60790969086307],[-73.82566738192862,40.607786224920865],[-73.82460558197688,40.60473563330289],[-73.82908602632823,40.60582096635413],[-73.82903972669939,40.607355214176],[-73.82707969381761,40.60833308436152],[-73.82734460911855,40.60950370033287],[-73.82730192542975,40.60948538975413]]],[[[-73.8321287690353,40.60951664287505],[-73.83005617447249,40.607924796435675],[-73.82987726436338,40.606322837407134],[-73.83177507584244,40.605094363641506],[-73.8355200607966,40.605457621599875],[-73.83422631300998,40.608051343702336],[-73.83213242178532,40.60951893129899],[-73.8321287690353,40.60951664287505]]],[[[-73.76671931113412,40.6150042311452],[-73.77087500376955,40.61586372321711],[-73.76854868123182,40.62055967877602],[-73.76745926884406,40.62051132256402],[-73.76671931113412,40.6150042311452]]],[[[-73.81251793487094,40.620199822549715],[-73.81255631031968,40.620164845730784],[-73.81259884365751,40.620229012576246],[-73.81261842989106,40.62024805001839],[-73.81265613877655,40.620344254628804],[-73.81268781281688,40.62046327842576],[-73.81268025971453,40.62057188985603],[-73.81265289948819,40.620633102647204],[-73.81260967500953,40.62064741759162],[-73.81259650459855,40.62063824383625],[-73.81259125538114,40.62061673860589],[-73.81259591290745,40.62056567107757],[-73.81255171958176,40.6205176540196],[-73.81252991056193,40.62047738682813],[-73.8125210347743,40.620448693536844],[-73.81251588806671,40.6204214683536],[-73.8125241352705,40.62039028049988],[-73.81252448955881,40.62036136185637],[-73.81254821606842,40.62029166183683],[-73.81254491825374,40.620265886116236],[-73.81252645693309,40.62024853366168],[-73.81251750558862,40.62022413033342],[-73.81251793487094,40.620199822549715]]],[[[-73.7895581428932,40.62279199525532],[-73.78419483198816,40.62089267024374],[-73.78521543076681,40.62006349374462],[-73.78446087068211,40.617027834124684],[-73.7807937650353,40.61458756709255],[-73.78090621621647,40.61360367661891],[-73.78865910627547,40.61009059422699],[-73.79139721012226,40.607610854245],[-73.79117287672476,40.60847459910892],[-73.79365104095642,40.60898581496933],[-73.79505655097407,40.61048896619446],[-73.80053951677071,40.61165163082725],[-73.79457567259439,40.62251914990216],[-73.7897260245696,40.62265532350603],[-73.7895581428932,40.62279199525532]]],[[[-73.8319099613506,40.62417572158561],[-73.83368214864463,40.621381306355474],[-73.83267620048598,40.623908275227016],[-73.83355923814358,40.62393603500176],[-73.83190913717482,40.62424377151135],[-73.8319099613506,40.62417572158561]]],[[[-73.77348560352752,40.625113148719954],[-73.77348616478683,40.62508511949864],[-73.77381024409397,40.62492559673115],[-73.77383258726536,40.624944848253634],[-73.77348560352752,40.625113148719954]]],[[[-73.8122341915072,40.62530008786395],[-73.81168078177565,40.62364964420236],[-73.81301265177471,40.62226022792422],[-73.81447870774272,40.625470874311084],[-73.81249149581198,40.62654067531403],[-73.81221944419119,40.625426262267595],[-73.8122341915072,40.62530008786395]]],[[[-73.79881981576617,40.62532794483111],[-73.79781573308159,40.6244531539525],[-73.79875482519334,40.625077757645165],[-73.80037265255028,40.624108342202824],[-73.79867716995602,40.62343495448778],[-73.80016273997366,40.619626849807965],[-73.80206419853624,40.62079091379661],[-73.80131044905615,40.618542873261966],[-73.80347411308011,40.614400964427716],[-73.80640950588551,40.62233955602615],[-73.80162741972283,40.62559619023175],[-73.79906021857246,40.62658052642458],[-73.79759190359371,40.62610142269964],[-73.79886654813868,40.62533115838798],[-73.79881981576617,40.62532794483111]]],[[[-73.81429373224096,40.62914240124349],[-73.81466886840825,40.627502561822915],[-73.81617361616055,40.62890143469654],[-73.81596975872556,40.63037871835661],[-73.81467414305273,40.629985289404814],[-73.81429373224096,40.62914240124349]]],[[[-73.83597646795329,40.63221669503605],[-73.83506421195499,40.631725749520704],[-73.83593708948987,40.6313496530941],[-73.83597827213387,40.63222844640976],[-73.83597646795329,40.63221669503605]]],[[[-73.82337592129475,40.63898765539522],[-73.8206721594249,40.62891486142964],[-73.81623096121099,40.62468982584848],[-73.81866204286588,40.62288315669565],[-73.8153871909272,40.6214977796409],[-73.81543174704281,40.62011653124242],[-73.81718053878453,40.61926727449339],[-73.8177742983464,40.61750112119325],[-73.81652681178392,40.614947009657755],[-73.81749810970042,40.61421413256955],[-73.82141601575294,40.61505476443638],[-73.82410327024171,40.61232609748477],[-73.82575322105271,40.61419208154027],[-73.8272563663286,40.613378714627274],[-73.82750222609408,40.61420466722297],[-73.83091996001424,40.61500548703367],[-73.83401888134374,40.61438116692243],[-73.83370152118083,40.62097860234742],[-73.83158798714337,40.62203280792532],[-73.83267659705902,40.62186372996045],[-73.83258868618613,40.62268138655907],[-73.83038723126813,40.62239084765799],[-73.8291880922338,40.624200612855745],[-73.83041434354294,40.62263207389433],[-73.8304615157621,40.62407222103477],[-73.83109518037863,40.622928837873296],[-73.83213427171916,40.62317682822493],[-73.83062761781223,40.62617762365351],[-73.83230301430359,40.627078757910446],[-73.83161746228544,40.62875231064673],[-73.83304100841805,40.628261271059756],[-73.83114653238903,40.63284391253643],[-73.83340607979225,40.638501355899244],[-73.83221658819181,40.638928490220955],[-73.82808567353285,40.63587972683679],[-73.82547394074912,40.6357950191795],[-73.82443032497304,40.636216520035724],[-73.82419331921291,40.639954072163256],[-73.82337592129475,40.63898765539522]]]]}},{"type":"Feature","properties":{"nta2020":"QN8492","ntaname":"Jacob Riis Park-Fort Tilden-Breezy Point Tip","boroname":"Queens","ntatype":"9"},"geometry":{"type":"MultiPolygon","coordinates":[[[[-73.86286892145503,40.56683057154493],[-73.89491817266482,40.55707879529328],[-73.9065857492389,40.55571062537718],[-73.94047161197727,40.54286312131318],[-73.94073545513277,40.541833959950644],[-73.94011914893782,40.55323263701444],[-73.93865563831596,40.555676592264085],[-73.93628494835441,40.55699946785264],[-73.93222204028586,40.55767634195955],[-73.92909878189855,40.5530934450982],[-73.9220661243609,40.555149256470564],[-73.92098631305944,40.55627509443784],[-73.90988945776235,40.556673070095826],[-73.91009502203336,40.56077236384627],[-73.88275680158246,40.567569862123555],[-73.88313094708417,40.56838062601359],[-73.88192258910146,40.568731441525756],[-73.87740017966797,40.56892617883142],[-73.86288301824888,40.576059761756724],[-73.86396641925973,40.575026786720294],[-73.86334740002482,40.57402123244791],[-73.86668359874169,40.57298832953369],[-73.86308767462845,40.56759772886877],[-73.86286892145503,40.56683057154493]]]]}},{"type":"Feature","properties":{"nta2020":"SI0101","ntaname":"St. George-New Brighton","boroname":"Staten Island","ntatype":"0"},"geometry":{"type":"MultiPolygon","coordinates":[[[[-74.0725813387358,40.637941875094846],[-74.0787883103561,40.63826855858673],[-74.08373397144585,40.6357371450629],[-74.08870582185955,40.63684520728473],[-74.08970378205498,40.63568250148734],[-74.09243893991965,40.63559638474302],[-74.09409312424094,40.63926691373153],[-74.09767290634886,40.63896067917182],[-74.09787969021829,40.64035805599777],[-74.09990409604531,40.64016295461394],[-74.09971600240254,40.64475887116169],[-74.10090273138744,40.644773235425575],[-74.09298828187646,40.645972780752665],[-74.08570754378212,40.64888055337064],[-74.07980996428704,40.64838331298811],[-74.07445282563586,40.645067487718244],[-74.07333813856928,40.645783115659846],[-74.07269828799026,40.64444127346753],[-74.07165829759784,40.645033746435196],[-74.07229190281822,40.6442660478206],[-74.07113105720936,40.64320526367847],[-74.07210952444632,40.64246321679294],[-74.07032923715443,40.64252612863507],[-74.07314400519942,40.64185297347557],[-74.07019399559219,40.642007502805484],[-74.07308689819328,40.64163681446722],[-74.07289005609574,40.64092267237364],[-74.06998354653952,40.641068943116984],[-74.0728504119488,40.64080368794263],[-74.0726063273152,40.63813630784501],[-74.0725813387358,40.637941875094846]]]]}},{"type":"Feature","properties":{"nta2020":"SI0102","ntaname":"Tompkinsville-Stapleton-Clifton-Fox Hills","boroname":"Staten Island","ntatype":"0"},"geometry":{"type":"MultiPolygon","coordinates":[[[[-74.0725813387358,40.637941875094846],[-74.07353447593366,40.63764172263244],[-74.07337342888036,40.6366107256396],[-74.07209483807563,40.636647278127334],[-74.0733582204565,40.63653609466792],[-74.0729847461238,40.630308979484234],[-74.06802173543952,40.62878758518564],[-74.07291177870592,40.6299963794071],[-74.07229520282672,40.62713842700826],[-74.07564613582021,40.62666371855681],[-74.07116568639002,40.62069878729369],[-74.07140608211206,40.61943137895052],[-74.07831765670772,40.61556147078856],[-74.08110332392782,40.61778874603954],[-74.08720982761629,40.61330697400763],[-74.0878514758857,40.61524307368418],[-74.08618571643342,40.618057359104704],[-74.08496211810699,40.62462523303416],[-74.08362236749537,40.626922578123505],[-74.0808437138653,40.62737949104524],[-74.0797249208974,40.62895068889979],[-74.0857492886773,40.633955557726495],[-74.0789115151239,40.638240383420886],[-74.07329742269745,40.63790350933248],[-74.0725813387358,40.637941875094846]]]]}},{"type":"Feature","properties":{"nta2020":"SI0103","ntaname":"Rosebank-Shore Acres-Park Hill","boroname":"Staten Island","ntatype":"0"},"geometry":{"type":"MultiPolygon","coordinates":[[[[-74.05677181637166,40.60789954008818],[-74.06517091184887,40.60421350934944],[-74.06397858489224,40.602143958328035],[-74.07360798586491,40.605504957137164],[-74.08371091042066,40.60644125931974],[-74.0905571121673,40.60900115134233],[-74.08720982761629,40.61330697400763],[-74.08110332392782,40.61778874603954],[-74.07831765670772,40.61556147078856],[-74.07183292978974,40.61890075146664],[-74.07116568639002,40.62069878729369],[-74.07564613582021,40.62666371855681],[-74.07288058751351,40.62692902846959],[-74.07002735061631,40.62145406435345],[-74.06649335296383,40.61889760159536],[-74.06596065271782,40.619359015593915],[-74.0661990795487,40.618722481288955],[-74.06544586069532,40.619202628792074],[-74.06641558649223,40.617872498166136],[-74.06425721751592,40.61817168758575],[-74.06509908407207,40.61751095612564],[-74.06390892174456,40.6173288256522],[-74.05679270488162,40.60793750675928],[-74.05677181637166,40.60789954008818]]]]}},{"type":"Feature","properties":{"nta2020":"SI0104","ntaname":"West New Brighton-Silver Lake-Grymes Hill","boroname":"Staten Island","ntatype":"0"},"geometry":{"type":"MultiPolygon","coordinates":[[[[-74.10472221533885,40.645563658070344],[-74.10779778028052,40.6452261619508],[-74.10654652578138,40.644241296953595],[-74.10542286489395,40.638898967615475],[-74.09787969021829,40.64035805599777],[-74.09767290634886,40.63896067917182],[-74.09409312424094,40.63926691373153],[-74.09243893991965,40.63559638474302],[-74.08970378205498,40.63568250148734],[-74.08870582185955,40.63684520728473],[-74.08690592762002,40.63585724413707],[-74.08587882767334,40.63669159050727],[-74.08373397144585,40.6357371450629],[-74.0857492886773,40.633955557726495],[-74.0797249208974,40.62895068889979],[-74.0808437138653,40.62737949104524],[-74.08298808797238,40.62735007284408],[-74.08415419721771,40.626267115431595],[-74.0862237036041,40.61794406550173],[-74.08785144004568,40.61524323621465],[-74.08720982761629,40.61330697400763],[-74.0905571121673,40.60900115134233],[-74.09766008712893,40.6105077481278],[-74.10569512521545,40.61873798770592],[-74.11820219989448,40.62508678258052],[-74.1248916787513,40.63172799060493],[-74.11683619484079,40.632674818338906],[-74.11719947073985,40.63456809813073],[-74.12023836595402,40.63430055985003],[-74.1206296291362,40.6365727504909],[-74.11754902194666,40.63695363333981],[-74.11806710362553,40.64129791913379],[-74.1209328702681,40.64090870882333],[-74.11960716681891,40.64138030935503],[-74.11995699875855,40.642209453931834],[-74.11942631292398,40.64142352418487],[-74.11940029532546,40.64237937903549],[-74.11861635236274,40.64153036502918],[-74.11883624616942,40.64254186406052],[-74.1184018508355,40.64152980054306],[-74.11712100630398,40.64166785704609],[-74.11722470082633,40.643027360465375],[-74.11614208569742,40.6422164541512],[-74.11288806510882,40.64453244413513],[-74.11365370966897,40.64368755592379],[-74.11116129469173,40.64509642267887],[-74.11176646583958,40.64470615984317],[-74.10680342706195,40.645560196443626],[-74.10472221533885,40.645563658070344]]]]}},{"type":"Feature","properties":{"nta2020":"SI0105","ntaname":"Westerleigh-Castleton Corners","boroname":"Staten Island","ntatype":"0"},"geometry":{"type":"MultiPolygon","coordinates":[[[[-74.12125677839715,40.62782275084324],[-74.11806688584926,40.625001473849366],[-74.10569512521545,40.61873798770592],[-74.09766008712893,40.6105077481278],[-74.1089859530509,40.61012495494256],[-74.11564032582696,40.61109610432457],[-74.12875899350655,40.60849579441082],[-74.14354499233964,40.6076811535684],[-74.14869404615584,40.60882795240028],[-74.15368427447888,40.61234968213525],[-74.15208605342593,40.61732098804814],[-74.14611213844991,40.624933433966184],[-74.13700290902946,40.62434701075326],[-74.13581008190083,40.62506433958986],[-74.13806393712436,40.62756847214289],[-74.13343731220797,40.62907434675627],[-74.13107460187689,40.6311477302151],[-74.13014141475817,40.6299652085308],[-74.13130985252093,40.62632834415264],[-74.12216225438151,40.627476892667],[-74.12125677839715,40.62782275084324]]]]}},{"type":"Feature","properties":{"nta2020":"SI0106","ntaname":"Port Richmond","boroname":"Staten Island","ntatype":"0"},"geometry":{"type":"MultiPolygon","coordinates":[[[[-74.12071317500812,40.64104578269454],[-74.11806710362553,40.64129791913379],[-74.11754902194666,40.63695363333981],[-74.1206296291362,40.6365727504909],[-74.12023836595402,40.63430055985003],[-74.11719947073985,40.63456809813073],[-74.11683619484079,40.632674818338906],[-74.1248916787513,40.63172799060493],[-74.12125677839715,40.62782275084324],[-74.13130985252093,40.62632834415264],[-74.13014141475817,40.6299652085308],[-74.13107460187689,40.6311477302151],[-74.13343731220797,40.62907434675627],[-74.13806393712436,40.62756847214289],[-74.13581008190083,40.62506433958986],[-74.13700290902946,40.62434701075326],[-74.14611213844991,40.624933433966184],[-74.14543939797092,40.62788659815435],[-74.14752618963833,40.62938928830036],[-74.14478228907657,40.63795378080116],[-74.14238061456855,40.64025245611148],[-74.1343526957353,40.64188679690276],[-74.13018370013307,40.64072382658582],[-74.12949057637465,40.64135483569861],[-74.12930713186948,40.64033741171374],[-74.12890729033452,40.641194827586325],[-74.12714774563898,40.6393110568504],[-74.126069828622,40.64025447268761],[-74.12636808688981,40.6413323804871],[-74.12564026870697,40.641418492585046],[-74.12599542422451,40.64023124262892],[-74.1241557844501,40.640134716640205],[-74.12118039507698,40.64138344537973],[-74.12071317500812,40.64104578269454]]]]}},{"type":"Feature","properties":{"nta2020":"SI0107","ntaname":"Mariner's Harbor-Arlington-Graniteville","boroname":"Staten Island","ntatype":"0"},"geometry":{"type":"MultiPolygon","coordinates":[[[[-74.15945602437947,40.64144833231906],[-74.16111242522173,40.64183545373741],[-74.16153403110933,40.64415628242311],[-74.15755778855826,40.643239865478535],[-74.15931925561861,40.64155638606941],[-74.15945602437947,40.64144833231906]]],[[[-74.17989568339897,40.645268795975674],[-74.17907466583894,40.644646507056706],[-74.1795871372141,40.64191768346423],[-74.17918728067293,40.64298753899149],[-74.17635786617534,40.64232722056304],[-74.17666795538246,40.6433868447718],[-74.17560250954297,40.643311298170005],[-74.17568470742577,40.644710284895275],[-74.17436572943477,40.64513625814303],[-74.17272145305189,40.64294849899678],[-74.17133587281677,40.642855764549566],[-74.17158721923735,40.64102959339466],[-74.17298798800311,40.64048910506642],[-74.17156994685423,40.641011532092946],[-74.1710501724002,40.642593819632744],[-74.1711926088523,40.64173962651512],[-74.16653375792963,40.64142263838641],[-74.16609989896034,40.64240658700138],[-74.16580110755902,40.64122451144967],[-74.16494139041183,40.642208999889476],[-74.16519041758112,40.64064230527697],[-74.16457132366727,40.64141866159606],[-74.16394491366576,40.639914605816145],[-74.16324577932504,40.64095741918578],[-74.16167534694235,40.640610784766956],[-74.16228465251963,40.63876565226989],[-74.16090490770392,40.63938614081619],[-74.16034819993045,40.63844372595107],[-74.15986410465041,40.63992782369295],[-74.16022466453221,40.638339061840476],[-74.15922711556972,40.63779611975812],[-74.15900957887429,40.63882257790998],[-74.15789262953881,40.6379650512313],[-74.15773352572349,40.63887903516548],[-74.1577736593679,40.63795715924366],[-74.15482932461856,40.63772385541897],[-74.15469263864526,40.6391939681144],[-74.15459670163443,40.6373433445718],[-74.15279703511403,40.637132754852736],[-74.15229786175502,40.63827428826375],[-74.15119545007292,40.637730789038926],[-74.15124827966457,40.63940934238354],[-74.14944732900051,40.63740539948566],[-74.1488817554377,40.638705207973416],[-74.1485581502623,40.63743783752828],[-74.14877792005885,40.63887625112789],[-74.14386163595745,40.63888796251427],[-74.1431280237709,40.6396803731286],[-74.14478228907657,40.63795378080116],[-74.14752618963833,40.62938928830036],[-74.14543939797092,40.62788659815435],[-74.14638593690877,40.62420098917277],[-74.15198995749482,40.61747802256088],[-74.15368427447888,40.61234968213525],[-74.16312999340077,40.61884698223502],[-74.1746610126554,40.62250902502943],[-74.1817990746365,40.627845436594434],[-74.19620359550308,40.634686050233924],[-74.19462310079363,40.637391184067575],[-74.1865249689774,40.64338866267421],[-74.18483594580987,40.64412826684149],[-74.18365067064201,40.64223964155343],[-74.1836674587201,40.64461048505026],[-74.1800407794923,40.644288140673844],[-74.17996507274157,40.64526698280568],[-74.17989568339897,40.645268795975674]]]]}},{"type":"Feature","properties":{"nta2020":"SI0191","ntaname":"Snug Harbor","boroname":"Staten Island","ntatype":"9"},"geometry":{"type":"MultiPolygon","coordinates":[[[[-74.10013219187458,40.645064051455854],[-74.10090273138744,40.644773235425575],[-74.09971600240254,40.64475887116169],[-74.09990409604531,40.64016295461394],[-74.10542286489395,40.638898967615475],[-74.10654652578138,40.644241296953595],[-74.10779778028052,40.6452261619508],[-74.10060541939372,40.64513233331787],[-74.10013219187458,40.645064051455854]]]]}},{"type":"Feature","properties":{"nta2020":"SI0201","ntaname":"Grasmere-Arrochar-South Beach-Dongan Hills","boroname":"Staten Island","ntatype":"0"},"geometry":{"type":"MultiPolygon","coordinates":[[[[-74.06397858489224,40.602143958328035],[-74.06108413994077,40.599816393848144],[-74.06375933292199,40.59893485952236],[-74.05964120596207,40.59370938906333],[-74.0650333235618,40.58899099786547],[-74.06436003721248,40.588267891174986],[-74.07096310182041,40.583181990402814],[-74.07149180521229,40.58216878265264],[-74.07065781537815,40.581625625037915],[-74.07177638431078,40.581876534159065],[-74.07499413073515,40.5792365574165],[-74.0735026389054,40.578196640060824],[-74.07508288192615,40.5791601587558],[-74.07534622582462,40.5778879700745],[-74.08849596473402,40.58478842416096],[-74.08912147929875,40.58414256119415],[-74.09261596810605,40.585939810669416],[-74.09844000802548,40.58124170600755],[-74.10525775386915,40.58592143674099],[-74.1008825150878,40.59017921614526],[-74.10009437797481,40.593660501754336],[-74.09375453687329,40.59674489030799],[-74.0917825730082,40.59871923931153],[-74.09290036361642,40.60135887271743],[-74.09271909195756,40.60636212420198],[-74.09055711216726,40.609001151342376],[-74.08371091042066,40.60644125931974],[-74.07360798586485,40.605504957137164],[-74.06479135034617,40.60238065340258],[-74.06397858489224,40.602143958328035]]]]}},{"type":"Feature","properties":{"nta2020":"SI0202","ntaname":"New Dorp-Midland Beach","boroname":"Staten Island","ntatype":"0"},"geometry":{"type":"MultiPolygon","coordinates":[[[[-74.07601596977959,40.57824491279301],[-74.07926321256909,40.575671292205875],[-74.07867933938915,40.57508182522351],[-74.0801786744205,40.575180418259656],[-74.08469075903615,40.57147791444318],[-74.08813355233562,40.572827720227416],[-74.092770581362,40.56794341127407],[-74.10470979010059,40.57400594007622],[-74.10874017878626,40.569916494851874],[-74.09407071043623,40.56273162013203],[-74.09629202201873,40.5624208307734],[-74.09819767261997,40.559836477307385],[-74.09784815988272,40.55903366909186],[-74.10009549144357,40.55895344562341],[-74.11376161129488,40.566497190110134],[-74.11636336276891,40.5639156379874],[-74.12489904218616,40.56894914294893],[-74.12144535574095,40.57177561468195],[-74.12153728906142,40.57515325257959],[-74.1052577538692,40.58592143674099],[-74.09844000802553,40.58124170600752],[-74.09261596810609,40.585939810669416],[-74.08912147929881,40.58414256119415],[-74.08849596473402,40.58478842416096],[-74.07680739025622,40.57869383818679],[-74.07601596977959,40.57824491279301]]]]}},{"type":"Feature","properties":{"nta2020":"SI0203","ntaname":"Todt Hill-Emerson Hill-Lighthouse Hill-Manor Heights","boroname":"Staten Island","ntatype":"0"},"geometry":{"type":"MultiPolygon","coordinates":[[[[-74.09766008712893,40.6105077481278],[-74.0905571121673,40.60900115134233],[-74.09271909195756,40.60636212420198],[-74.09290036361645,40.60135887271744],[-74.09178257300826,40.59871923931153],[-74.09375453687329,40.59674489030799],[-74.10009437797487,40.59366050175428],[-74.10149482213728,40.58934426100513],[-74.10924835476192,40.582678413036795],[-74.12153728906142,40.57515325257959],[-74.12706746958176,40.57640521917216],[-74.12773493482423,40.575206624554205],[-74.13278436099986,40.5734790942342],[-74.14418588119743,40.57203741050875],[-74.14438744938825,40.56970610117111],[-74.14790142170932,40.570889581108474],[-74.15725974085757,40.56255331937416],[-74.16494149293702,40.5601117976389],[-74.16982582250603,40.56109042127681],[-74.16982860060396,40.57083444850518],[-74.15230805576691,40.580579303157315],[-74.14727483653007,40.58501222200047],[-74.14541995001444,40.59146702435487],[-74.14002227239804,40.598596533587745],[-74.14046227905241,40.603069980524886],[-74.14714097029949,40.60558483473542],[-74.14723021254628,40.60826302209607],[-74.12875899350655,40.60849579441082],[-74.11564032582696,40.61109610432457],[-74.1089859530509,40.61012495494256],[-74.09934465306266,40.61044763614978],[-74.09766008712893,40.6105077481278]]]]}},{"type":"Feature","properties":{"nta2020":"SI0204","ntaname":"New Springville-Willowbrook-Bulls Head-Travis","boroname":"Staten Island","ntatype":"0"},"geometry":{"type":"MultiPolygon","coordinates":[[[[-74.15368427447888,40.61234968213525],[-74.14723021254628,40.60826302209607],[-74.14714063632937,40.60558459911424],[-74.14046227905241,40.603069980524886],[-74.14002227239804,40.598596533587745],[-74.14541995001444,40.59146702435487],[-74.1463213105958,40.58606929759488],[-74.15230805576691,40.580579303157315],[-74.16982860060396,40.57083444850518],[-74.16796293919342,40.588304029171034],[-74.16341992127062,40.59244423534333],[-74.16360268159286,40.593374199160394],[-74.16886362231634,40.59472808665136],[-74.16719634764705,40.60207531162772],[-74.1725610301425,40.602977765708964],[-74.17822457221695,40.599828060947424],[-74.17954440204578,40.59674539875325],[-74.18650391816595,40.58943925039326],[-74.18477863481213,40.589028183819],[-74.1853858561741,40.587599653512925],[-74.1907685232148,40.58512746832264],[-74.19423261325561,40.5851468069237],[-74.19964981205854,40.58226262701897],[-74.20058399959446,40.57951100141779],[-74.20602841110836,40.579764267650624],[-74.20440076433692,40.58371294584213],[-74.2046460894321,40.589285745466],[-74.2020140553329,40.59089579862263],[-74.20305254911655,40.591140542312615],[-74.20202733920853,40.590999079794756],[-74.19751357718711,40.59679898603694],[-74.19875958205299,40.60171197517643],[-74.2022184985121,40.60596968011926],[-74.20281628374592,40.60827082796749],[-74.20244374449372,40.61328469342954],[-74.20045324444482,40.616327996806525],[-74.2004280019192,40.62049541101701],[-74.20163201104117,40.62312156545757],[-74.20079169384545,40.63035012431852],[-74.19620359550308,40.634686050233924],[-74.1817990746365,40.627845436594434],[-74.1746610126554,40.62250902502943],[-74.16312999340077,40.61884698223502],[-74.15375060952724,40.612399392313165],[-74.15368427447888,40.61234968213525]]]]}},{"type":"Feature","properties":{"nta2020":"SI0291","ntaname":"Freshkills Park (North)","boroname":"Staten Island","ntatype":"9"},"geometry":{"type":"MultiPolygon","coordinates":[[[[-74.16982860060396,40.57083444850518],[-74.16982582250603,40.56109042127681],[-74.17758036657031,40.563755440905766],[-74.179369199157,40.570548314404256],[-74.18440257868932,40.573006983143806],[-74.18903989512604,40.57266650664571],[-74.18955799839836,40.576270001225026],[-74.20058399959446,40.57951100141779],[-74.2000805894048,40.581554557187054],[-74.19423261325561,40.5851468069237],[-74.1907685232148,40.58512746832264],[-74.1853858561741,40.587599653512925],[-74.18477863481213,40.589028183819],[-74.18650391816595,40.58943925039326],[-74.17954440204578,40.59674539875325],[-74.17822457221695,40.599828060947424],[-74.17491828595219,40.60221622686646],[-74.1725610301425,40.602977765708964],[-74.16719634764705,40.60207531162772],[-74.16886362231634,40.59472808665136],[-74.16360268159286,40.593374199160394],[-74.16341992127062,40.59244423534333],[-74.16796293919342,40.588304029171034],[-74.16989412502672,40.57135561907083],[-74.16982860060396,40.57083444850518]]]]}},{"type":"Feature","properties":{"nta2020":"SI0301","ntaname":"Oakwood-Richmondtown","boroname":"Staten Island","ntatype":"0"},"geometry":{"type":"MultiPolygon","coordinates":[[[[-74.12153728906142,40.575153252579646],[-74.12144535574095,40.57177561468195],[-74.12489904218616,40.56894914294893],[-74.11636336276891,40.56391563798744],[-74.11376161129482,40.56649719011018],[-74.10009549144357,40.55895344562346],[-74.10184637674703,40.556216988780186],[-74.10140516844865,40.55553852566267],[-74.10309839111532,40.555904641451335],[-74.10484447636338,40.553025814556435],[-74.10768623463983,40.55397667097512],[-74.11301045972775,40.54778006593415],[-74.11494202833097,40.54958865011587],[-74.11656289990475,40.54912774222835],[-74.11945859159377,40.55222190604609],[-74.12730057734184,40.55729517311905],[-74.13321002462732,40.552383876379636],[-74.13885092683721,40.556951179870545],[-74.13561300165566,40.55898002728752],[-74.13173622883662,40.564539519637954],[-74.14438744938825,40.56970610117111],[-74.14418588119739,40.572037410508784],[-74.1327843609998,40.5734790942342],[-74.12773493482419,40.575206624554205],[-74.12706746958176,40.57640521917216],[-74.12164470193196,40.57512727733423],[-74.12153728906142,40.575153252579646]]]]}},{"type":"Feature","properties":{"nta2020":"SI0302","ntaname":"Great Kills-Eltingville","boroname":"Staten Island","ntatype":"0"},"geometry":{"type":"MultiPolygon","coordinates":[[[[-74.14699303293699,40.570485923476994],[-74.13173622883662,40.564539519637954],[-74.13561300165566,40.55898002728752],[-74.13885092683721,40.556951179870545],[-74.1331682593334,40.55235617916022],[-74.13865265777541,40.54848581744848],[-74.13585712456327,40.546451696213715],[-74.1371798712987,40.54579286466078],[-74.13611540724054,40.545019845680066],[-74.1371928751982,40.54578429520283],[-74.13687348630864,40.5446825939102],[-74.13794966050548,40.54600033657565],[-74.13886951340523,40.54513019811007],[-74.13762430745243,40.54425356692105],[-74.1387553470356,40.54493395892961],[-74.13786798524534,40.54405254413111],[-74.13953937915745,40.544295140872336],[-74.13834151288614,40.543551827809054],[-74.14038573073617,40.544033185008075],[-74.13921993485886,40.54316608513808],[-74.14029571947275,40.543640457658285],[-74.13985859891679,40.542357175129375],[-74.14132426794353,40.54309413433302],[-74.14033528229646,40.54222820875716],[-74.14141073560408,40.54302241508055],[-74.14026290400702,40.54196151152278],[-74.141349013796,40.542577523131754],[-74.14095816832888,40.54143207796516],[-74.14229632246266,40.54225784965829],[-74.14226513007999,40.53814035366493],[-74.14104157916334,40.53734688446226],[-74.14218574841665,40.537917777286474],[-74.14158287625018,40.53708757795338],[-74.14383385685339,40.537136911849835],[-74.14474069813576,40.5358010442114],[-74.14921733198096,40.53424158776191],[-74.15618731852328,40.528611371091884],[-74.15970134520087,40.527295992329115],[-74.1690953549095,40.54102743259857],[-74.18073102506344,40.546679815299925],[-74.17185166456856,40.561520923021405],[-74.16494149293702,40.560111797638946],[-74.15725974085757,40.562553319374196],[-74.14790142170932,40.570889581108474],[-74.1470487785946,40.57048954855226],[-74.14699303293699,40.570485923476994]]]]}},{"type":"Feature","properties":{"nta2020":"SI0303","ntaname":"Arden Heights-Rossville","boroname":"Staten Island","ntatype":"0"},"geometry":{"type":"MultiPolygon","coordinates":[[[[-74.17758036657031,40.563755440905766],[-74.17185166456856,40.561520923021405],[-74.18073102506344,40.54667981529989],[-74.1875734734277,40.55014768293606],[-74.19730759051119,40.54326204622896],[-74.2177889300695,40.54112540160595],[-74.2213156264965,40.55025307436053],[-74.21778377554132,40.55304918803179],[-74.21756752792291,40.55458581092408],[-74.20699885216024,40.55756748910412],[-74.20091501274085,40.556005261052],[-74.19352912548528,40.56242559583281],[-74.183623708385,40.56536826481549],[-74.17794544142512,40.56398336711049],[-74.17758036657031,40.563755440905766]]]]}},{"type":"Feature","properties":{"nta2020":"SI0304","ntaname":"Annadale-Huguenot-Prince's Bay-Woodrow","boroname":"Staten Island","ntatype":"0"},"geometry":{"type":"MultiPolygon","coordinates":[[[[-74.18073102506344,40.546679815299925],[-74.1690953549095,40.54102743259857],[-74.15988276948492,40.52736935815962],[-74.1622719610864,40.52719426180595],[-74.16999711161473,40.523045772452576],[-74.17269667263014,40.522968735523776],[-74.17758295522239,40.51923086736882],[-74.18105192746964,40.520663254540764],[-74.184831164799,40.51934135910359],[-74.19521339999068,40.509977652955875],[-74.19967205359374,40.51142685047984],[-74.20005925616819,40.51261937203846],[-74.19907307095482,40.51308388453719],[-74.20820370574602,40.511638980458],[-74.21754755029839,40.503360049492116],[-74.22184144387126,40.5025384173564],[-74.2267232877282,40.51916332058878],[-74.2237959579363,40.51819634592904],[-74.22499765853073,40.52046066135082],[-74.22359412659941,40.526305925294096],[-74.2244751411176,40.53890806628754],[-74.22342751071987,40.5436043321642],[-74.22064536037085,40.54859150967488],[-74.21778893006945,40.541125401605996],[-74.19730759051113,40.54326204622896],[-74.18757347342765,40.55014768293606],[-74.18083755559292,40.54673239030921],[-74.18073102506344,40.546679815299925]]]]}},{"type":"Feature","properties":{"nta2020":"SI0305","ntaname":"Tottenville-Charleston","boroname":"Staten Island","ntatype":"0"},"geometry":{"type":"MultiPolygon","coordinates":[[[[-74.21324031408828,40.55667262424103],[-74.20569605025547,40.558516005602925],[-74.21773358199421,40.554457170148304],[-74.21778377554132,40.55304918803183],[-74.2213156264965,40.55025307436053],[-74.22064536037085,40.54859150967488],[-74.22432217036898,40.540164505726864],[-74.22359412659941,40.526305925294096],[-74.22499765853073,40.52046066135082],[-74.2237959579363,40.51819634592904],[-74.22669461462563,40.51854872676008],[-74.22184144387126,40.5025384173564],[-74.2312444324436,40.501826860821765],[-74.23678845614225,40.50000083546577],[-74.23984851236642,40.49758301313815],[-74.24432798252431,40.49754674020985],[-74.2467610277419,40.49613398761203],[-74.24964219479591,40.49683795483123],[-74.25472027611403,40.50296520065719],[-74.25553185854763,40.50786122885206],[-74.25368911881061,40.50942559643936],[-74.25452621732236,40.50997301488114],[-74.25331579805132,40.50986150454117],[-74.253526850769,40.51167776653465],[-74.2521259139706,40.51371037980015],[-74.25011171056995,40.5150448198553],[-74.2505600727182,40.51610674053004],[-74.24921528676096,40.51508486129946],[-74.24994158808036,40.51613748819118],[-74.24854589291671,40.51616991714866],[-74.24940770788909,40.51698083041867],[-74.24851449056031,40.517475626265245],[-74.24751811835532,40.515735864778854],[-74.24644039650948,40.51596502750351],[-74.24699556996588,40.517182085195735],[-74.245208614625,40.5172897436257],[-74.2456347316994,40.518075580745965],[-74.24232477833276,40.51832652502193],[-74.23982258316771,40.52009071144395],[-74.24293235036323,40.521227160630374],[-74.2428015694389,40.52400729679086],[-74.24396500758677,40.52490536583547],[-74.24150733322897,40.53104134279533],[-74.24204570286004,40.53434637705064],[-74.24414782538697,40.53688140991723],[-74.24533651176237,40.5369059949374],[-74.24442748922033,40.53801643339913],[-74.24560205698324,40.540949594577555],[-74.24803463735688,40.543093240441635],[-74.24336346552948,40.54786513573861],[-74.24220318463067,40.54694867729517],[-74.24039182810051,40.54766331017396],[-74.23641459661086,40.550508223953976],[-74.23639962086499,40.55233533319216],[-74.23332400080318,40.55250914356611],[-74.23071036198294,40.55555759476172],[-74.22833214372007,40.55639035431165],[-74.22086715093401,40.55594020227793],[-74.21974356930723,40.55461267207267],[-74.21921716371094,40.555796970381415],[-74.21859325782808,40.554674210247974],[-74.2187503688056,40.55602774053745],[-74.21775342391737,40.55500528477637],[-74.21499256964766,40.5567949327961],[-74.21327457291218,40.55662493377423],[-74.21324031408828,40.55667262424103]]]]}},{"type":"Feature","properties":{"nta2020":"SI0391","ntaname":"Freshkills Park (South)","boroname":"Staten Island","ntatype":"9"},"geometry":{"type":"MultiPolygon","coordinates":[[[[-74.19749799921163,40.57885900159476],[-74.1895579983983,40.57627000122506],[-74.18903989512604,40.57266650664571],[-74.18440257868932,40.57300698314384],[-74.179369199157,40.5705483144043],[-74.17758036657031,40.5637554409058],[-74.18295815945308,40.56548020091099],[-74.1931738829826,40.56260434487513],[-74.20116467879508,40.55594175653106],[-74.2069988521602,40.55756748910415],[-74.20569605025547,40.558516005602925],[-74.21324031408828,40.55667262424103],[-74.2111744026009,40.56045988235528],[-74.21072667691158,40.565273911864914],[-74.20801705315667,40.57051795790472],[-74.20602841110832,40.579764267650624],[-74.19887622570491,40.57930361964003],[-74.19749799921163,40.57885900159476]]]]}},{"type":"Feature","properties":{"nta2020":"SI9561","ntaname":"Fort Wadsworth","boroname":"Staten Island","ntatype":"6"},"geometry":{"type":"MultiPolygon","coordinates":[[[[-74.05974734627634,40.59384861207067],[-74.06375933292206,40.59893485952236],[-74.06108413994083,40.599816393848144],[-74.06517091184887,40.60421350934944],[-74.05677181637166,40.60789954008818],[-74.05381069805442,40.60591271885318],[-74.05342199900808,40.60051607104164],[-74.05222826888257,40.59977610230407],[-74.05972690577232,40.59390821671291],[-74.05974734627634,40.59384861207067]]]]}},{"type":"Feature","properties":{"nta2020":"SI9591","ntaname":"Hoffman & Swinburne Islands","boroname":"Staten Island","ntatype":"9"},"geometry":{"type":"MultiPolygon","coordinates":[[[[-74.05050806403284,40.56642203466358],[-74.04923629842082,40.565362736870895],[-74.05053865301059,40.56644067379689],[-74.05050806403284,40.56642203466358]]],[[[-74.05314036821026,40.577702714540756],[-74.05489778210803,40.577782440920004],[-74.05484560052173,40.57994579142779],[-74.05293190639816,40.57990247466604],[-74.05314036821026,40.577702714540756]]]]}},{"type":"Feature","properties":{"nta2020":"SI9592","ntaname":"Miller Field","boroname":"Staten Island","ntatype":"9"},"geometry":{"type":"MultiPolygon","coordinates":[[[[-74.08469075947518,40.57147791419157],[-74.08691263653223,40.56898584268376],[-74.08621632224195,40.5685326976447],[-74.08725078316105,40.56908167819307],[-74.08924906075131,40.567015570534906],[-74.09054960106333,40.5670835972115],[-74.09407071043617,40.56273162013203],[-74.10874017878626,40.569916494851874],[-74.10470979010053,40.57400594007626],[-74.092770581362,40.56794341127407],[-74.08813355233555,40.572827720227416],[-74.0859764740804,40.572236971560365],[-74.08469075947518,40.57147791419157]]]]}},{"type":"Feature","properties":{"nta2020":"SI9593","ntaname":"Great Kills Park","boroname":"Staten Island","ntatype":"9"},"geometry":{"type":"MultiPolygon","coordinates":[[[[-74.11338340528424,40.54807337515175],[-74.11654532176979,40.5478723931468],[-74.11986445505437,40.54542735102611],[-74.12221377619161,40.545063383376316],[-74.1335644349814,40.53151117530839],[-74.13690799076248,40.52928191838023],[-74.13883030532918,40.529889356541126],[-74.1406109270312,40.53413060019034],[-74.14025575724298,40.535443547853426],[-74.13395313243473,40.535566460200094],[-74.12996934203085,40.53996776961431],[-74.13179350815561,40.53832599148931],[-74.13116466312675,40.53790013586929],[-74.1281332627139,40.54055296599784],[-74.12738789577712,40.54229542965965],[-74.13011404715083,40.54597572563072],[-74.13585712346627,40.54645169671764],[-74.13865265777541,40.54848581744848],[-74.12730057734184,40.55729517311905],[-74.11945859159377,40.55222190604609],[-74.11656289990475,40.54912774222835],[-74.11494202833097,40.54958865011587],[-74.11395149790316,40.548725323471565],[-74.11338340528424,40.54807337515175]]]]}}]}